No.,Fiscal Year,Employer,NAICS,Tax ID,State,City,ZIP,Initial Approval,Continuing Approval,Initial Denial,Continuing Denial,Sum Approval,Sum Denial,Approval Rate,Denial Rate
1,2022,21MEDTECH LLC,33,2105,NC,DURHAM,27703,0,1,0,0,1,0,1.0000,0.0000
2,2022,21MEDTECH LLC D/B/A VIAMER BIOSCIENCES,32,2105,NC,DURHAM,27703,0,2,0,0,2,0,1.0000,0.0000
3,2022,3 DOTS IT SOLUTIONS LLC,54,2293,NC,CARY,27519,0,0,0,1,0,1,0.0000,1.0000
4,2022,3ITEK LLC,54,3782,NC,CHARLOTTE,28262,2,3,0,0,5,0,1.0000,0.0000
5,2022,9M SOLUTIONS INC,54,4057,NC,CHARLOTTE,28217,5,6,0,0,11,0,1.0000,0.0000
6,2022,A I ARTIST STUDIO INC,61,7041,NC,MATTHEWS,28105,1,0,0,0,1,0,1.0000,0.0000
7,2022,AADHYA INFOTECH LLC,54,9089,NC,CHARLOTTE,28262,7,0,0,0,7,0,1.0000,0.0000
8,2022,ABB E-MOBILITY INC,33,8240,NC,CARY,27511,2,3,0,0,5,0,1.0000,0.0000
9,2022,ABB ENTERPRISE SOFTWARE INC DBA HI,22,3443,NC,RALEIGH,27606,0,6,0,0,6,0,1.0000,0.0000
10,2022,ABB INC,33,18,NC,CARY,27511,16,36,0,1,52,1,0.9811,0.0189
11,2022,"ACADEMIC ANALYTICS, LLC",54,9138,NC,CHARLOTTE,28277,1,0,0,0,1,0,1.0000,0.0000
12,2022,ACCENTUATE STAFFING INC,56,1632,NC,RALEIGH,27612,0,1,0,0,1,0,1.0000,0.0000
13,2022,ACCRUE SELECT INC,54,8097,NC,CARY,27519,1,0,0,0,1,0,1.0000,0.0000
14,2022,ACCUPATH DIAGNOSTIC LABORATORIES I,62,1972,NC,BURLINGTON,27215,0,1,0,0,1,0,1.0000,0.0000
15,2022,ACCUPATH DIAGNOSTIC LABORATORIES INC A LABCORP SUBSIDIARY,62,1972,NC,BURLINGTON,27215,0,2,0,0,2,0,1.0000,0.0000
16,2022,ACOUSTICAL CONSULTANTS INC DBA STEWART ACOUSTICAL CONSULTANTS,54,2012,NC,RALEIGH,27607,1,0,0,0,1,0,1.0000,0.0000
17,2022,ACR TECHNOLOGY LLC,54,5664,NC,CARY,27518,4,3,0,0,7,0,1.0000,0.0000
18,2022,ACURIAN INC,99,7455,NC,WILMINGTON,28401,0,2,0,0,2,0,1.0000,0.0000
19,2022,ADDEPTO IT SOLUTIONS LLC,54,9649,NC,CHARLOTTE,28262,15,15,6,4,30,10,0.7500,0.2500
20,2022,ADVANCE AUTO BUSINESS SUPPORT LLC,44,9361,NC,RALEIGH,27609,1,1,0,0,2,0,1.0000,0.0000
21,2022,ADVANCE STORES COMPANY INC,44,8110,NC,RALEIGH,27609,0,1,0,0,1,0,1.0000,0.0000
22,2022,ADVANTAGE HEALTHCARE SOLUTIONS INC,54,2507,NC,CHARLOTTE,28277,1,0,0,0,1,0,1.0000,0.0000
23,2022,AFFINITY ENERGY LLC,54,2266,NC,CHARLOTTE,28269,0,1,0,0,1,0,1.0000,0.0000
24,2022,AFFORDABLE CARE LLC,62,5559,NC,MORRISVILLE,27560,0,1,0,0,1,0,1.0000,0.0000
25,2022,AFFORDABLE DENTURES & IMPLANTS - K,62,1154,NC,MORRISVILLE,27560,0,1,0,0,1,0,1.0000,0.0000
26,2022,AFFORDABLE DENTURES & IMPLANTS OF,62,4068,NC,MORRISVILLE,27560,0,1,0,0,1,0,1.0000,0.0000
27,2022,AFYA GROUP LLC,44,4751,NC,CHARLOTTE,28270,1,0,0,0,1,0,1.0000,0.0000
28,2022,AGDATA LP,51,2692,NC,CHARLOTTE,28211,0,4,0,0,4,0,1.0000,0.0000
29,2022,AGERPOINT INC,54,2911,NC,DURHAM,27709,0,1,0,0,1,0,1.0000,0.0000
30,2022,AHOLD DELHAIZE USA CORPORATE SUPPORT LLC,56,8840,NC,SALISBURY,28147,0,1,0,0,1,0,1.0000,0.0000
31,2022,AJINOMOTO HEALTH & NUTRITION NORTH AMERICA INC,32,9265,NC,RALEIGH,27610,0,1,0,0,1,0,1.0000,0.0000
32,2022,AKRAM & ASSOCIATES PLLC,54,8673,NC,CARY,27513,1,0,0,0,1,0,1.0000,0.0000
33,2022,ALAN GODEL & JUSTIN P HANNON DDS PA,62,5441,NC,MONROE,28110,0,1,0,0,1,0,1.0000,0.0000
34,2022,ALBEMARLE CORPORATION,99,2118,NC,CHARLOTTE,28209,3,2,0,0,5,0,1.0000,0.0000
35,2022,ALCAMI CAROLINAS CORPORATION,32,6024,NC,WILMINGTON,28405,0,2,0,0,2,0,1.0000,0.0000
36,2022,ALDERSOL HOLDINGS LLC DBA STAY ONL,33,9739,NC,HENDERSON,27537,0,1,0,0,1,0,1.0000,0.0000
37,2022,ALLBRIDGE LLC,51,6712,NC,RALEIGH,27616,1,0,0,0,1,0,1.0000,0.0000
38,2022,ALLCARE PLUS PHARMACY INC,32,3469,NC,DURHAM,27703,0,0,0,1,0,1,0.0000,1.0000
39,2022,ALLIANCE ARCHITECTURE PC,54,9137,NC,DURHAM,27701,0,1,0,0,1,0,1.0000,0.0000
40,2022,ALLIANCE INNO SOLUTIONS FOUNDATION,54,4733,NC,KNIGHTDALE,27545,0,0,1,0,0,1,0.0000,1.0000
41,2022,ALLSCRIPTS HEALTHCARE LLC,54,6083,NC,RALEIGH,27609,1,26,0,0,27,0,1.0000,0.0000
42,2022,ALLSCRIPTS MANAGED SERVICES LLC,54,7232,NC,RALEIGH,27609,0,10,0,0,10,0,1.0000,0.0000
43,2022,ALLY BANK,52,1796,NC,CHARLOTTE,28202,0,1,0,0,1,0,1.0000,0.0000
44,2022,ALPHA ACADEMY,61,96,NC,FAYETTEVILLE,28304,8,4,0,0,12,0,1.0000,0.0000
45,2022,ALPHIND SOFTWARE SOLUTIONS INC,54,2902,NC,CHARLOTTE,28262,1,0,0,0,1,0,1.0000,0.0000
46,2022,ALTEN TECHNOLOGY USA INC,54,6038,NC,GREENSBORO,27409,16,4,0,0,20,0,1.0000,0.0000
47,2022,AMERICAN LANGUAGE ACADEMY,61,7860,NC,GREENSBORO,27407,0,1,0,0,1,0,1.0000,0.0000
48,2022,AMERICAN RENAISSANCE SCHOOL INC,61,3711,NC,STATESVILLE,28677,1,0,0,0,1,0,1.0000,0.0000
49,2022,AMERICAN TIRE DISTRIBUTORS INC,42,4594,NC,HUNTERSVILLE,28078,0,15,0,0,15,0,1.0000,0.0000
50,2022,AMK AUTO PARTS SALES & SERVICE INC,54,4186,NC,LEXINGTON,27295,1,0,0,0,1,0,1.0000,0.0000
51,2022,AMKO SOFTWARE SOLUTIONS INC,54,761,NC,CHARLOTTE,28213,0,2,0,0,2,0,1.0000,0.0000
52,2022,AMP SOLUTIONS LLC,54,3998,NC,CHARLOTTE,28262,36,2,0,0,38,0,1.0000,0.0000
53,2022,"AMPHENOL ANTENNA SOLUTIONS, INC.",23,5650,NC,CONOVER,28613,1,0,0,0,1,0,1.0000,0.0000
54,2022,ANDRITZ FABRICS AND ROLLS INC,54,8674,NC,YOUNGSVILLE,27596,0,1,0,0,1,0,1.0000,0.0000
55,2022,AP & COMPANY LLC,44,295,NC,MORRISVILLE,27560,0,0,1,0,0,1,0.0000,1.0000
56,2022,APEX ANALYTIX LLC,54,9998,NC,GREENSBORO,27410,2,11,0,0,13,0,1.0000,0.0000
57,2022,APEX ANIMAL CARE PLLC DBA BEST CAR,54,1067,NC,MATTHEWS,28105,0,0,1,0,0,1,0.0000,1.0000
58,2022,APEX SEMICONDUCTORS USA CO LTD,54,8167,NC,SANFORD,27331,0,3,0,0,3,0,1.0000,0.0000
59,2022,APM TERMINALS NORTH AMERICA INC,48,1729,NC,CHARLOTTE,28273,1,0,0,0,1,0,1.0000,0.0000
60,2022,APOGEE CONSULTING GROUP P A,54,4170,NC,CARY,27511,1,0,0,0,1,0,1.0000,0.0000
61,2022,APPALACHIAN STATE UNIVERSITY,61,6030,NC,BOONE,28608,12,4,0,0,16,0,1.0000,0.0000
62,2022,APPATURE INC,32,1477,NC,DURHAM,27703,0,1,0,0,1,0,1.0000,0.0000
63,2022,ARCH US MI SERVICES INC,52,257,NC,GREENSBORO,27401,0,17,0,0,17,0,1.0000,0.0000
64,2022,ARCHANGELS TRANSIT INC,48,8131,NC,GREENSBORO,27409,1,0,0,0,1,0,1.0000,0.0000
65,2022,ARCHE GROUP INC,54,2595,NC,MOORESVILLE,28115,1,2,0,0,3,0,1.0000,0.0000
66,2022,ARCHIVESOCIAL INC,54,4733,NC,DURHAM,27701,0,1,0,0,1,0,1.0000,0.0000
67,2022,ARCLIGHT WIRELESS INC,54,8042,NC,DURHAM,27709,1,1,0,0,2,0,1.0000,0.0000
68,2022,ARDOR IT SOLUTIONS INC,54,2951,NC,CHARLOTTE,28262,9,29,0,3,38,3,0.9268,0.0732
69,2022,ARDOR IT SYSTEMS LLC,54,5025,NC,CHARLOTTE,28262,7,12,0,0,19,0,1.0000,0.0000
70,2022,ARDORITSOLUTIONS INC,54,2951,NC,CHARLOTTE,28262,2,4,0,1,6,1,0.8571,0.1429
71,2022,ARJOBEX AMERICA INC,32,6046,NC,CHARLOTTE,28273,0,1,0,0,1,0,1.0000,0.0000
72,2022,ARKATEK INC,54,9719,NC,CONCORD,28027,0,0,1,0,0,1,0.0000,1.0000
73,2022,ARMC PHYSICIANS CARE INC DBA CRISS,62,5382,NC,GRAHAM,27253,1,0,0,0,1,0,1.0000,0.0000
74,2022,ARRIVAL AUTOMOTIVE USA INC,99,4143,NC,CHARLOTTE,28203,0,1,0,0,1,0,1.0000,0.0000
75,2022,ARRIVAL USA INC,33,4463,NC,CHARLOTTE,28203,0,2,0,0,2,0,1.0000,0.0000
76,2022,ARROW INTERNATIONAL LLC,33,9991,NC,MORRISVILLE,27560,0,1,0,0,1,0,1.0000,0.0000
77,2022,ARROW INTERNATIONAL LLC FORMERLY ARROW INTERNATIONAL INC,33,9991,NC,MORRISVILLE,27560,0,1,0,0,1,0,1.0000,0.0000
78,2022,ARROWLYTICS LLC,52,5894,NC,RALEIGH,27609,0,1,0,0,1,0,1.0000,0.0000
79,2022,ASENSUS SURGICAL US INC,33,2117,NC,DURHAM,27703,1,2,0,0,3,0,1.0000,0.0000
80,2022,ASHE COUNTY BOARD OF EDUCATION,61,988,NC,JEFFERSON,28640,1,0,0,0,1,0,1.0000,0.0000
81,2022,ASHEBORO ELASTICS CORP D/B/A AEC NARROW FABRICS,31,3050,NC,ASHEBORO,27203,1,0,0,0,1,0,1.0000,0.0000
82,2022,ASHEVILLE CITY SCHOOLS,61,1809,NC,ASHEVILLE,28801,0,2,0,0,2,0,1.0000,0.0000
83,2022,ASHEVILLE PEAK ACADEMY,61,2064,NC,ASHEVILLE,28806,0,1,0,0,1,0,1.0000,0.0000
84,2022,ASKLEPIOS BIOPHARMACEUTICAL INC,32,7834,NC,DURHAM,27709,0,5,0,0,5,0,1.0000,0.0000
85,2022,ASSA ABLOY ENTRANCE SYSTEMS US INC,33,1379,NC,MONROE,28110,1,0,0,0,1,0,1.0000,0.0000
86,2022,ATEB INC,33,8465,NC,RALEIGH,27614,0,1,0,0,1,0,1.0000,0.0000
87,2022,ATLANTIC MEDICAL MANAGEMENT LLC,54,4467,NC,JACKSONVILLE,28546,0,1,0,0,1,0,1.0000,0.0000
88,2022,ATOM POWER INC,54,5644,NC,HUNTERSVILLE,28078,0,1,0,0,1,0,1.0000,0.0000
89,2022,ATRIUM WINDOWS AND DOORS INC,42,2488,NC,HIGHFALLS,27259,0,1,0,0,1,0,1.0000,0.0000
90,2022,ATTENDS HEALTHCARE PRODUCTS INC,32,71,NC,RALEIGH,27617,0,1,0,0,1,0,1.0000,0.0000
91,2022,AUTO APR LLC,54,9612,NC,CHARLOTTE,28217,0,1,0,0,1,0,1.0000,0.0000
92,2022,AUTO CLUB SERVICES INC,52,446,NC,CHARLOTTE,28212,0,1,0,0,1,0,1.0000,0.0000
93,2022,AVAST SOFTWARE INC,54,9103,NC,CHARLOTTE,28269,1,0,0,0,1,0,1.0000,0.0000
94,2022,AVERISTAR CONSULTING LLC,54,3679,NC,CHARLOTTE,28277,0,1,0,0,1,0,1.0000,0.0000
95,2022,AVERNA TEST SYSTEMS INC,54,2609,NC,CHARLOTTE,28217,1,1,0,0,2,0,1.0000,0.0000
96,2022,AVID SOLUTIONS INC,54,6712,NC,WINSTON SALEM,27107,0,1,0,0,1,0,1.0000,0.0000
97,2022,AVIDXCHANGE INC,33,3588,NC,CHARLOTTE,28206,0,35,0,0,35,0,1.0000,0.0000
98,2022,AVS 2020 INC DBA CAROLINA BLUE PHARMACY,44,7197,NC,CHAPEL HILL,27517,1,0,0,0,1,0,1.0000,0.0000
99,2022,AVSIGHT AVIATION SOFTWARE,51,848,NC,BOONE,28607,0,1,0,0,1,0,1.0000,0.0000
100,2022,BADGER SPORTSWEAR LLC,31,2548,NC,STATESVILLE,28625,0,1,0,0,1,0,1.0000,0.0000
101,2022,BAEBIES INC,54,2298,NC,DURHAM,27709,0,3,0,0,3,0,1.0000,0.0000
102,2022,BAKER AND TAYLOR LLC,45,9974,NC,CHARLOTTE,28217,0,6,0,0,6,0,1.0000,0.0000
103,2022,BAKER INTERIORS FURNITURE COMPANY,44,6217,NC,CONNELLYS SPRINGS,28612,0,1,0,0,1,0,1.0000,0.0000
104,2022,BANDWIDTH INC,51,2657,NC,RALEIGH,27606,0,13,0,0,13,0,1.0000,0.0000
105,2022,BANK OF AMERICA  N.A.,52,,NC,CHARLOTTE,28255,1,0,0,0,1,0,1.0000,0.0000
106,2022,BANK OF AMERICA CORPORATION,52,6609,NC,CHARLOTTE,28255,0,3,0,0,3,0,1.0000,0.0000
107,2022,BANK OF AMERICA NA,52,7665,NC,CHARLOTTE,28255,59,630,1,5,689,6,0.9914,0.0086
108,2022,BARINGS LLC,52,4477,NC,CHARLOTTE,28202,2,7,0,0,9,0,1.0000,0.0000
109,2022,BASELINE CONSTRUCTION INC,54,9046,NC,PINEHURST,28374,1,0,0,0,1,0,1.0000,0.0000
110,2022,BATTERYXCHANGE INC,54,6202,NC,CHARLOTTE,28204,1,0,0,0,1,0,1.0000,0.0000
111,2022,BAYADA HOME HEALTH CARE INC,62,3113,NC,WINSTON SALEM,27103,0,2,0,0,2,0,1.0000,0.0000
112,2022,BB & M ARCHITECTURE PLLC,54,3230,NC,CHARLOTTE,28208,2,0,0,0,2,0,1.0000,0.0000
113,2022,BEETLEAI SOLUTIONS LLC,54,3099,NC,APEX,27539,4,0,0,0,4,0,1.0000,0.0000
114,2022,BELK INC,45,8574,NC,CHARLOTTE,28217,0,32,0,0,32,0,1.0000,0.0000
115,2022,BERTIE COUNTY SCHOOLS,61,110,NC,WINDSOR,27983,3,3,0,0,6,0,1.0000,0.0000
116,2022,BEVERAGE-AIR CORPORATION,23,3881,NC,WINSTON SALEM,27105,0,1,0,0,1,0,1.0000,0.0000
117,2022,BHARAT FORGE ALUMINUM USA INC,33,5014,NC,SANFORD,27330,0,2,0,0,2,0,1.0000,0.0000
118,2022,BINARY LOGIX INC,54,2070,NC,MOORESVILLE,28115,1,0,0,0,1,0,1.0000,0.0000
119,2022,BIOAGILYTIX LABS LLC,54,5593,NC,DURHAM,27713,2,8,0,0,10,0,1.0000,0.0000
120,2022,BIOCRYST PHARMACEUTICALS INC,99,3174,NC,DURHAM,27703,0,1,0,0,1,0,1.0000,0.0000
121,2022,BIOMASON INC,54,5803,NC,DURHAM,27709,1,0,0,0,1,0,1.0000,0.0000
122,2022,BIOMEDOMICS INC,62,5824,NC,MORRISVILLE,27560,0,1,0,0,1,0,1.0000,0.0000
123,2022,BIOMERIEUX INC,33,9770,NC,DURHAM,27712,1,4,0,0,5,0,1.0000,0.0000
124,2022,BIOMILQ INC,54,6474,NC,DURHAM,27709,1,0,0,0,1,0,1.0000,0.0000
125,2022,BIORESOURCE INTERNATIONAL INC,54,9087,NC,DURHAM,27703,1,0,0,0,1,0,1.0000,0.0000
126,2022,BIOSKRYB INC,99,4526,NC,DURHAM,27713,1,0,0,0,1,0,1.0000,0.0000
127,2022,BIOVENTUS LLC,33,5628,NC,DURHAM,27703,0,1,0,0,1,0,1.0000,0.0000
128,2022,BIRGHTREE HOME HEALTH & HOSPICE LLC,54,365,NC,MORRISVILLE,27560,0,1,0,0,1,0,1.0000,0.0000
129,2022,BIZ TECHNOLOGY SOLUTIONS INC,54,9795,NC,MOORESVILLE,28117,1,0,0,0,1,0,1.0000,0.0000
130,2022,BIZDIAL LLC,54,8854,NC,KERNERSVILLE,27284,0,0,1,0,0,1,0.0000,1.0000
131,2022,BLADEN COUNTY SCHOOLS,61,992,NC,ELIZABETHTOWN,28337,0,1,0,0,1,0,1.0000,0.0000
132,2022,BLOQ INC,54,7046,NC,WINSTON SALEM,27101,1,1,0,0,2,0,1.0000,0.0000
133,2022,BLUE ACORN ICI INC,54,6461,NC,RALEIGH,27607,1,4,0,0,5,0,1.0000,0.0000
134,2022,BLUE CROSS AND BLUE SHIELD OF NORTH CAROLINA,52,4904,NC,DURHAM,27707,0,5,0,0,5,0,1.0000,0.0000
135,2022,BLUE RIDGE HEALTHCARE MED GRP INC,62,7195,NC,MORGANTON,28655,0,1,0,0,1,0,1.0000,0.0000
136,2022,BLUE RIDGE HEALTHCARE MEDICAL GROUP INC,62,7195,NC,MORGANTON,28655,0,2,0,0,2,0,1.0000,0.0000
137,2022,BLUEALLY TECHNOLOGY SOLUTIONS LLC DBA BLUEALLY LLC SOLE MBR,54,6155,NC,CARY,27518,1,0,0,0,1,0,1.0000,0.0000
138,2022,BOBBITT CONSTRUCTION INC,23,1407,NC,RALEIGH,27607,1,0,0,0,1,0,1.0000,0.0000
139,2022,BOFA SECURITIES INC,52,1463,NC,CHARLOTTE,28255,91,175,0,1,266,1,0.9963,0.0037
140,2022,BONITZ INC,23,5835,NC,CONCORD,28027,0,2,0,0,2,0,1.0000,0.0000
141,2022,BOOTH AND ASSOCIATES LLC,51,7587,NC,RALEIGH,27612,0,1,0,0,1,0,1.0000,0.0000
142,2022,BORGWARNER TURBO SYSTEMS LLC,99,4399,NC,ARDEN,28704,0,0,1,0,0,1,0.0000,1.0000
143,2022,BRIDGESTONE AIRCRAFT TIRE USA INC,32,5133,NC,MAYODAN,27027,1,1,0,0,2,0,1.0000,0.0000
144,2022,BRIDGETREE LLC,54,2518,NC,MOORESVILLE,28115,0,1,0,0,1,0,1.0000,0.0000
145,2022,BRIGHTHOUSE SERVICES LLC,52,4008,NC,CHARLOTTE,28277,0,2,0,0,2,0,1.0000,0.0000
146,2022,BRIJ IMAGE AND INFORMATION INC,54,2818,NC,GREENSBORO,27408,1,0,0,0,1,0,1.0000,0.0000
147,2022,BRIMMA TECH INC,54,1758,NC,WAKE FOREST,27587,0,1,0,0,1,0,1.0000,0.0000
148,2022,BROAD RIVER REHABILITATION LLC,62,2617,NC,ARDEN,28704,0,3,0,1,3,1,0.7500,0.2500
149,2022,BRUMASOFT LLC,54,8115,NC,CHARLOTTE,28273,0,2,0,0,2,0,1.0000,0.0000
150,2022,C R ONSRUD INC,42,3184,NC,TROUTMAN,28166,1,0,0,0,1,0,1.0000,0.0000
151,2022,CAMBREX HIGH POINT INC,32,8510,NC,HIGH POINT,27265,0,1,0,0,1,0,1.0000,0.0000
152,2022,CAMBRIDGE PHARMA CONSULTANCY INC,32,1722,NC,DURHAM,27703,1,0,0,0,1,0,1.0000,0.0000
153,2022,CAPE FEAR CARDIOLOGY ASSO P A,62,4383,NC,FAYETTEVILLE,28304,0,1,0,0,1,0,1.0000,0.0000
154,2022,CAPE FEAR CARDIOLOGY ASSOCIATES P A,62,4383,NC,FAYETTEVILLE,28304,1,1,0,0,2,0,1.0000,0.0000
155,2022,CAPFINANCIAL PARTNERS LLC D/B/A CA,52,8143,NC,RALEIGH,27609,0,1,0,0,1,0,1.0000,0.0000
156,2022,CAPTIVE-AIRE SYSTEMS INC,33,971,NC,RALEIGH,27616,0,4,0,0,4,0,1.0000,0.0000
157,2022,CARDINAL CONCRETE CORPORATION,23,7893,NC,MIDLAND,28107,1,0,0,0,1,0,1.0000,0.0000
158,2022,CARDINAL GOBBONS HIGH SCHOOL,61,6755,NC,RALEIGH,27607,1,1,0,0,2,0,1.0000,0.0000
159,2022,CARGO LOGISTICS NETWORK COMPANY,54,8067,NC,CHARLOTTE,28273,1,0,0,0,1,0,1.0000,0.0000
160,2022,CAROLINA COMMONENTERPRISE,92,8407,NC,DURHAM,27709,1,0,0,0,1,0,1.0000,0.0000
161,2022,CAROLINA CUMBERLAND OPERATOR,62,4888,NC,FAYETTEVILLE,28306,1,0,0,0,1,0,1.0000,0.0000
162,2022,CAROLINA FC LLC,71,7558,NC,RALEIGH,27606,0,1,0,0,1,0,1.0000,0.0000
163,2022,CAROLINA FINANCIAL GROUP LLC,52,4125,NC,BREVARD,28712,0,1,0,0,1,0,1.0000,0.0000
164,2022,CAROLINA IT PROFESSIONALS INC,54,8013,NC,MOUNT HOLLY,28120,0,1,0,0,1,0,1.0000,0.0000
165,2022,CAROLINA NEUROSURGERY SPINE ASSOCIATES PA,62,3485,NC,CHARLOTTE,28204,1,0,0,0,1,0,1.0000,0.0000
166,2022,CAROLINA UNIV DBA PIEDMONT INTL UN,61,4591,NC,WINSTON SALEM,27101,1,0,0,0,1,0,1.0000,0.0000
167,2022,CAROLINA UNIVERSITY D B A PIEDMONT INTERNATIONAL UNIVERSITY,61,4591,NC,WINSTON SALEM,27101,3,0,0,0,3,0,1.0000,0.0000
168,2022,CAROLINA UNIVERSITY DBA PIEDMONT INTERNATIONAL UNIVERSITY,61,4591,NC,WINSTON SALEM,27101,4,0,0,0,4,0,1.0000,0.0000
169,2022,CAROLINAS FERTILITY INSTITUTE PA,62,8607,NC,WINSTON SALEM,27103,0,1,0,0,1,0,1.0000,0.0000
170,2022,CAROLINAS PHYSICIANS NETWORK INC D,62,7838,NC,CHARLOTTE,28208,3,5,0,1,8,1,0.8889,0.1111
171,2022,CAROLINAS PHYSICIANS NETWORK INC D/B/A ARTIUM HEALTH MEDICAL GROUP,62,7838,NC,CHARLOTTE,28208,0,1,0,0,1,0,1.0000,0.0000
172,2022,CAROLINAS PHYSICIANS NETWORK INC D/B/A ATRIUM HEALTH MEDICAL GROUP,62,7838,NC,CHARLOTTE,28208,3,12,0,1,15,1,0.9375,0.0625
173,2022,CAROTEK INC,42,2853,NC,MATTHEWS,28105,0,1,0,0,1,0,1.0000,0.0000
174,2022,CARTER G WOODSON SCHOOL INC,61,7649,NC,WINSTON SALEM,27127,3,2,0,0,5,0,1.0000,0.0000
175,2022,CARY ANIMAL CARE PLLC DBA CAPITAL,54,5889,NC,RALEIGH,27616,0,1,0,0,1,0,1.0000,0.0000
176,2022,CATALYST CLINICAL RESEARCH LLC,54,7481,NC,WILMINGTON,28412,1,0,0,0,1,0,1.0000,0.0000
177,2022,CATO-SMS,32,8539,NC,CARY,27513,0,1,0,0,1,0,1.0000,0.0000
178,2022,CELGARD LLC,33,9137,NC,CHARLOTTE,28273,0,4,0,0,4,0,1.0000,0.0000
179,2022,CELORIS TECH LLC,54,6052,NC,CHARLOTTE,28262,10,6,1,3,16,4,0.8000,0.2000
180,2022,CENTER FOR CREATIVE LEADERSHIP,54,9591,NC,GREENSBORO,27410,1,1,0,0,2,0,1.0000,0.0000
181,2022,CENTER FOR INTERNATIONAL EDUCATION INC D B A PARTICIPATE LEARNING,61,475,NC,CHAPEL HILL,27514,0,1,0,0,1,0,1.0000,0.0000
182,2022,CENTRAL CAROLINA PRODUCTS INC,33,8771,NC,BURLINGTON,27217,0,1,0,0,1,0,1.0000,0.0000
183,2022,CENTRAL PARK SCHOOL FOR CHILDREN,61,6336,NC,DURHAM,27701,0,3,0,0,3,0,1.0000,0.0000
184,2022,CENTURY FURNITURE,44,1008,NC,HICKORY,28601,0,1,0,0,1,0,1.0000,0.0000
185,2022,CESTA INC,54,2092,NC,CARY,27513,12,0,0,0,12,0,1.0000,0.0000
186,2022,CHANNELADVISOR CORPORATION,51,7867,NC,MORRISVILLE,27560,0,1,0,0,1,0,1.0000,0.0000
187,2022,CHARLOTTE EDUCATION FOUNDATION DBA QUEEN CITY STEM SCHOOL,61,9471,NC,CHARLOTTE,28262,2,0,0,0,2,0,1.0000,0.0000
188,2022,CHARLOTTE MECKLENBURG SCHOOLS,61,1074,NC,CHARLOTTE,28217,12,3,1,0,15,1,0.9375,0.0625
189,2022,CHATSWORTH PRODUCTS INC,33,7760,NC,NEW BERN,28562,0,1,0,0,1,0,1.0000,0.0000
190,2022,CHERRY BEKAERT ADVISORY LLC,54,877,NC,RALEIGH,27612,0,1,0,0,1,0,1.0000,0.0000
191,2022,CHERUKURI V DDS PLLC DBA HARRISBURG SMILES,62,7856,NC,HARRISBURG,28075,0,1,0,0,1,0,1.0000,0.0000
192,2022,CHIESI USA INC,54,8797,NC,CARY,27518,1,0,0,0,1,0,1.0000,0.0000
193,2022,CHINA CONSTRUCTION AMERICA OF SOUT,23,83,NC,CHARLOTTE,28210,0,4,0,0,4,0,1.0000,0.0000
194,2022,CLARIANT CORPORATION,32,6629,NC,CHARLOTTE,28202,5,2,0,0,7,0,1.0000,0.0000
195,2022,CLARKSTON-POTOMAC GROUP INC,54,6655,NC,DURHAM,27713,0,1,0,0,1,0,1.0000,0.0000
196,2022,CLEAR MARKETS HOLDINGS INC,52,7687,NC,CHARLOTTE,28202,0,2,0,0,2,0,1.0000,0.0000
197,2022,CLEAR THOUGHT SOLUTIONS LLC,54,6826,NC,CARY,27513,6,5,0,0,11,0,1.0000,0.0000
198,2022,CLEARSCAPES PA,54,1795,NC,RALEIGH,27601,0,1,0,1,1,1,0.5000,0.5000
199,2022,CLINICAL INK INC,54,7645,NC,WINSTON SALEM,27101,1,3,0,0,4,0,1.0000,0.0000
200,2022,CLINICAL SOLUTIONS GROUP LLC,54,1901,NC,DURHAM,27703,1,0,0,0,1,0,1.0000,0.0000
201,2022,CLOUD GIANTS LLC,54,8147,NC,CARY,27519,0,2,0,0,2,0,1.0000,0.0000
202,2022,CLOUD NINE TEK LLC,54,1933,NC,CHARLOTTE,28262,15,6,0,0,21,0,1.0000,0.0000
203,2022,CLOUD SPACE LLC,54,4085,NC,CHARLOTTE,28262,32,4,0,0,36,0,1.0000,0.0000
204,2022,CLOUDSPACE LLC,54,4085,NC,CHARLOTTE,28262,8,4,0,0,12,0,1.0000,0.0000
205,2022,CM RED LLC,23,6807,NC,RALEIGH,27610,1,0,0,0,1,0,1.0000,0.0000
206,2022,CMC BUILDING INC,23,339,NC,BOLTON,28423,0,1,0,0,1,0,1.0000,0.0000
207,2022,COASTAL CAROLINA NEUROPSYCHIATRIC CENTER P A,62,4475,NC,JACKSONVILLE,28546,1,0,0,0,1,0,1.0000,0.0000
208,2022,COGNITECT INC,52,7828,NC,DURHAM,27701,0,3,0,0,3,0,1.0000,0.0000
209,2022,COLUMBIA SPORTSWEAR COMPANY,31,8284,NC,CANDOR,27229,0,1,0,0,1,0,1.0000,0.0000
210,2022,COMMERCECX INC,54,5914,NC,CARY,27519,1,4,0,0,5,0,1.0000,0.0000
211,2022,COMMSCOPE CONNECTIVITY SOLNS LLC,33,3605,NC,HICKORY,28602,1,4,0,0,5,0,1.0000,0.0000
212,2022,COMMSCOPE INC OF NORTH CAROLINA,51,2364,NC,HICKORY,28602,3,0,0,1,3,1,0.7500,0.2500
213,2022,COMMSCOPE TECHNOLOGIES LLC,51,2098,NC,HICKORY,28602,2,15,0,0,17,0,1.0000,0.0000
214,2022,COMPANY BOX LLC,54,4035,NC,CHARLOTTE,28273,1,0,0,0,1,0,1.0000,0.0000
215,2022,COMPASS GROUP USA INC,72,4931,NC,CHARLOTTE,28217,6,22,0,0,28,0,1.0000,0.0000
216,2022,COMPREHAB LLC D/B/A COMPLEAT REHAB & SPORTS THERAPY,62,7267,NC,GASTONIA,28054,1,3,0,0,4,0,1.0000,0.0000
217,2022,COMPREHAB LLC DBA COMPLEAT REHAB &,62,7267,NC,GASTONIA,28054,1,2,0,0,3,0,1.0000,0.0000
218,2022,CONCENTRIX CORPORATION,33,305,NC,RALEIGH,27614,1,1,0,0,2,0,1.0000,0.0000
219,2022,CONCENTRIX SOLUTIONS CORPORATION,33,305,NC,RALEIGH,27614,1,1,0,0,2,0,1.0000,0.0000
220,2022,CONCOR IT SOLUTIONS INC,54,6094,NC,CHARLOTTE,28262,3,1,0,0,4,0,1.0000,0.0000
221,2022,CONCORD HOSPITALITY ENTERPRISES COMPANY LLC,72,8841,NC,RALEIGH,27614,1,0,0,0,1,0,1.0000,0.0000
222,2022,CONITEX-SONOCO USA INC,32,2471,NC,GASTONIA,28052,0,1,0,0,1,0,1.0000,0.0000
223,2022,CONNECT HOLDING II LLC,51,1759,NC,CHARLOTTE,28203,0,9,0,0,9,0,1.0000,0.0000
224,2022,CONTROL INFOTECH INC,54,7743,NC,MORRISVILLE,27560,3,1,0,0,4,0,1.0000,0.0000
225,2022,CONVERGE METAL RECYCLING INC,42,9515,NC,MAIDEN,28650,1,0,0,0,1,0,1.0000,0.0000
226,2022,CONVERSANT SOLUTIONS INC,54,4094,NC,CHARLOTTE,28262,1,0,0,0,1,0,1.0000,0.0000
227,2022,COOPER TACIA GENERAL CONTRACTING COMPANY,23,9042,NC,RALEIGH,27601,0,1,0,0,1,0,1.0000,0.0000
228,2022,CORE CLOUD TECHNOLOGIES LLC,54,5277,NC,CHARLOTTE,28262,8,0,1,0,8,1,0.8889,0.1111
229,2022,CORPORATE FLEET SERVICES LLC DBA CFS JETS,44,6496,NC,CORNELIUS,28031,0,1,0,0,1,0,1.0000,0.0000
230,2022,COSETTE PHARMACEUTICALS NC LABORAT,99,1451,NC,LINCOLNTON,28092,0,1,0,0,1,0,1.0000,0.0000
231,2022,COSMOS GRANITE EAST LLC DBA COSMOS GRANITE & MARBLE,42,2710,NC,RALEIGH,27610,0,1,0,0,1,0,1.0000,0.0000
232,2022,CPI SECURITY SYSTEMS INC,56,6569,NC,CHARLOTTE,28273,0,1,0,0,1,0,1.0000,0.0000
233,2022,CPS RESOURCES,33,8135,NC,INDIAN TRAIL,28079,1,0,0,0,1,0,1.0000,0.0000
234,2022,CRAFTNER INC,54,2467,NC,CHARLOTTE,28262,2,1,0,0,3,0,1.0000,0.0000
235,2022,CREE INC,33,2719,NC,DURHAM,27703,1,4,0,0,5,0,1.0000,0.0000
236,2022,CREE LED INC,33,6773,NC,DURHAM,27703,0,1,0,0,1,0,1.0000,0.0000
237,2022,CRG CORPORATION,54,7373,NC,HIGH POINT,27265,1,0,0,0,1,0,1.0000,0.0000
238,2022,CROSSCOMM INC,54,5233,NC,DURHAM,27701,0,1,0,0,1,0,1.0000,0.0000
239,2022,CRYOVAC LLC,32,262,NC,CHARLOTTE,28208,0,2,0,0,2,0,1.0000,0.0000
240,2022,CUMBERLAND COUNTY HOSPITAL SYSTEM,62,5796,NC,FAYETTEVILLE,28304,0,7,0,0,7,0,1.0000,0.0000
241,2022,CUMBERLAND COUNTY HOSPITAL SYSTEM INC D/B/A CAPE FEAR VALLEY MEDICAL CENTER,62,5796,NC,FAYETTEVILLE,28304,2,12,0,0,14,0,1.0000,0.0000
242,2022,CYGTEC INC,54,1835,NC,RALEIGH,27615,0,10,0,0,10,0,1.0000,0.0000
243,2022,D E B MANUFACTURING INC,33,8658,NC,CONCORD,28027,0,1,0,0,1,0,1.0000,0.0000
244,2022,D2SOL INC,54,8251,NC,MORRISVILLE,27560,2,27,0,0,29,0,1.0000,0.0000
245,2022,DAEDALUS COMPOSITES LLC,33,8543,NC,EDENTON,27932,0,1,0,0,1,0,1.0000,0.0000
246,2022,DAK AMERICAS LLC,32,3187,NC,CHARLOTTE,28226,0,3,0,0,3,0,1.0000,0.0000
247,2022,DANIEL WAYNE DRISKILL DDS PLLC,62,2367,NC,MORRISVILLE,27560,0,1,0,0,1,0,1.0000,0.0000
248,2022,DATA ANALYTIX LLC,54,5122,NC,WAXHAW,28173,1,0,0,0,1,0,1.0000,0.0000
249,2022,DATA CALIPER LLC,54,5814,NC,APEX,27502,1,7,0,0,8,0,1.0000,0.0000
250,2022,DATAFIRST CORPORATION,54,9596,NC,RALEIGH,27616,0,1,0,0,1,0,1.0000,0.0000
251,2022,DATALORE TECHNOLOGIES INC,54,7743,NC,RALEIGH,27606,16,4,0,0,20,0,1.0000,0.0000
252,2022,DATASTAFF INC,56,8408,NC,RALEIGH,27609,0,2,0,0,2,0,1.0000,0.0000
253,2022,DATAVALET NETWORKS LLC,54,1113,NC,CHARLOTTE,28208,0,1,0,1,1,1,0.5000,0.5000
254,2022,DAVIDSON COLLEGE,61,9961,NC,DAVIDSON,28035,0,0,0,1,0,1,0.0000,1.0000
255,2022,"DAVIS KANE ARCHITECTS, PA",54,2198,NC,RALEIGH,27605,1,0,0,0,1,0,1.0000,0.0000
256,2022,DAY INTERNATIONAL INC,32,8458,NC,ARDEN,28704,0,1,0,0,1,0,1.0000,0.0000
257,2022,DB GLOBAL TECHNOLOGY INC,52,9518,NC,CARY,27513,3,122,0,1,125,1,0.9921,0.0079
258,2022,DCUBE SOLUTIONS INC,54,4187,NC,DURHAM,27709,7,1,0,0,8,0,1.0000,0.0000
259,2022,DEALCLOUD INC,51,8156,NC,CHARLOTTE,28202,0,1,0,0,1,0,1.0000,0.0000
260,2022,DEANDRAE W ALEXANDER DDS PA,62,8507,NC,MORRISVILLE,27560,0,1,0,0,1,0,1.0000,0.0000
261,2022,DEERE-HITACHI CONSTRUCTION MACHINE,33,2263,NC,KERNERSVILLE,27284,0,1,0,0,1,0,1.0000,0.0000
262,2022,DELTA V FORENSIC ENGRG INC,54,5615,NC,CHARLOTTE,28273,0,1,0,0,1,0,1.0000,0.0000
263,2022,DENSO MANUFACTURING NORTH CAROLIN,99,8671,NC,STATESVILLE,28625,0,1,0,0,1,0,1.0000,0.0000
264,2022,DENTSPLY SIRONA INC,33,4669,NC,CHARLOTTE,28277,0,5,0,0,5,0,1.0000,0.0000
265,2022,DEV SYSTEMS INC,54,1461,NC,CHARLOTTE,28262,2,0,0,0,2,0,1.0000,0.0000
266,2022,DEVANSEE ANALYTICS LLC,54,1663,NC,CONCORD,28027,1,0,0,0,1,0,1.0000,0.0000
267,2022,DIGITAL TURBINE INC,51,7658,NC,DURHAM,27701,1,8,0,0,9,0,1.0000,0.0000
268,2022,DIOCESE OF RALEIGH,81,1293,NC,RALEIGH,27613,1,1,0,1,2,1,0.6667,0.3333
269,2022,DIRECT CHASSISLINK INC,53,3490,NC,CHARLOTTE,28273,0,1,0,0,1,0,1.0000,0.0000
270,2022,DIRECT DIGITAL LLC D/B/A/ ADAPTIVE HEALTH,54,1367,NC,CHARLOTTE,28202,0,1,0,0,1,0,1.0000,0.0000
271,2022,DIVERS ALERT NETWORK,81,6689,NC,DURHAM,27705,1,0,0,0,1,0,1.0000,0.0000
272,2022,DIXON HUGHES GOODMAN LLP,54,7981,NC,CHARLOTTE,28209,3,13,0,2,16,2,0.8889,0.1111
273,2022,DLP MARIA PARHAM MEDICAL CTR LLC D,62,3520,NC,HENDERSON,27536,0,1,0,0,1,0,1.0000,0.0000
274,2022,DLP WILSON PHYSICIAN PRACTICES LLC,62,6359,NC,WILSON,27893,1,0,0,0,1,0,1.0000,0.0000
275,2022,DONLEYS OF VIRGINIA LLC,99,7975,NC,APEX,27539,0,1,0,0,1,0,1.0000,0.0000
276,2022,DR DURSHANAPALLI ASSOCIATES PLLC,62,4466,NC,HIGH POINT,27265,1,0,0,0,1,0,1.0000,0.0000
277,2022,DR LANE ASSOCIATES DDS PA,62,9452,NC,ANGIER,27501,1,0,0,0,1,0,1.0000,0.0000
278,2022,DRIVEN BRANDS SHARED SERVICES LLC,44,3628,NC,CHARLOTTE,28202,3,2,0,0,5,0,1.0000,0.0000
279,2022,DRIVEN CONTRACTORS LLC,23,7023,NC,MAXTON,28364,0,1,0,0,1,0,1.0000,0.0000
280,2022,DUKE ENERGY BUSINESS SERVICES LLC,22,5358,NC,CHARLOTTE,28202,1,2,0,0,3,0,1.0000,0.0000
281,2022,DUKE ENERGY CAROLINAS LLC,22,5520,NC,CHARLOTTE,28202,0,1,0,0,1,0,1.0000,0.0000
282,2022,DUKE UNIVERSITY HEALTH SYSTEM INC,61,36,NC,DURHAM,27708,10,10,0,0,20,0,1.0000,0.0000
283,2022,DUKE UNIVERSITY MED CTR & AFFIL,61,1229,NC,DURHAM,27708,1,1,0,0,2,0,1.0000,0.0000
284,2022,DUKE UNIVERSITY UNIV MED CTR AFFI,61,,NC,DURHAM,27708,0,1,0,0,1,0,1.0000,0.0000
285,2022,DUKE UNIVERSITY UNIV MED CTR AFFIL,31,2129,NC,DURHAM,27708,104,92,3,4,196,7,0.9655,0.0345
286,2022,DUMAC INC,61,4895,NC,DURHAM,27708,1,0,0,0,1,0,1.0000,0.0000
287,2022,DURHAM COMMUNITY CHARTER SCH D/B/A,61,4950,NC,DURHAM,27703,1,0,0,0,1,0,1.0000,0.0000
288,2022,DURHAM COMMUNITY CHARTER SCHOOL D/B/A MAUREEN JOY CHARTER SCHOOL,61,4950,NC,DURHAM,27703,6,0,0,0,6,0,1.0000,0.0000
289,2022,DURHAM PUBLIC SCHOOLS,61,1021,NC,DURHAM,27702,2,0,0,0,2,0,1.0000,0.0000
290,2022,DYNACAST LLC,33,5677,NC,CHARLOTTE,28277,0,1,0,0,1,0,1.0000,0.0000
291,2022,DYNAPAR CORP DBA SPECIALTY PRODUCT,33,1566,NC,ELIZABETHTOWN,28337,0,1,0,0,1,0,1.0000,0.0000
292,2022,DYNAPAR CORPORATION DBA SPECIALTY PRODUCT TECHNOLOGIES,33,1566,NC,ELIZABETHTOWN,28337,0,4,0,0,4,0,1.0000,0.0000
293,2022,DYNATEMP INTERNATIONAL INC,42,5433,NC,CLAYTON,27528,1,0,0,0,1,0,1.0000,0.0000
294,2022,DYNPRO INC,54,7772,NC,RALEIGH,27617,4,2,1,0,6,1,0.8571,0.1429
295,2022,E&C MEDICAL INTELLIGENCE INC,42,1258,NC,CARY,27518,0,0,0,1,0,1,0.0000,1.0000
296,2022,E-EMPHASYS TECHNOLOGIES INC,54,1625,NC,CARY,27513,3,8,0,0,11,0,1.0000,0.0000
297,2022,E3 RETAIL LLC,54,1186,NC,RALEIGH,27615,0,1,0,0,1,0,1.0000,0.0000
298,2022,EAST CAROLINA UNIVERSITY,31,403,NC,GREENVILLE,27858,8,20,0,1,28,1,0.9655,0.0345
299,2022,ECLIPSE INC,32,2250,NC,CHARLOTTE,28202,1,0,0,0,1,0,1.0000,0.0000
300,2022,ECLIPSE LEGAL MARKETING LLC,54,1805,NC,CHARLOTTE,28205,1,0,0,0,1,0,1.0000,0.0000
301,2022,ECOGUARD INC,31,3522,NC,GROVER,28073,1,0,0,0,1,0,1.0000,0.0000
302,2022,ECOM SOLUTIONS INC,54,7101,NC,CHARLOTTE,28227,5,9,1,0,14,1,0.9333,0.0667
303,2022,EDJX INC,54,6224,NC,RALEIGH,27615,1,0,0,0,1,0,1.0000,0.0000
304,2022,EHIKA LLC,54,5498,NC,CHARLOTTE,28246,1,0,0,0,1,0,1.0000,0.0000
305,2022,EIDIKO SYSTEMS INTEGRATORS LLC,54,1755,NC,CHARLOTTE,28273,1,1,0,0,2,0,1.0000,0.0000
306,2022,EL FUTURO,92,2334,NC,DURHAM,27707,0,1,0,0,1,0,1.0000,0.0000
307,2022,ELECTROLUX HOME PRODUCTS INC,33,4736,NC,CHARLOTTE,28262,0,21,2,1,21,3,0.8750,0.1250
308,2022,ELEVATION LLC,52,1785,NC,CHARLOTTE,28211,0,1,0,0,1,0,1.0000,0.0000
309,2022,ELITE COMFROT SOLUTIONS LLC,33,6830,NC,CONOVER,28613,0,1,0,0,1,0,1.0000,0.0000
310,2022,ELITE HRV INC DBA SPREN,51,4095,NC,ASHEVILLE,28801,1,0,0,0,1,0,1.0000,0.0000
311,2022,ELIZABETH CITY STATE UNIV,61,7680,NC,ELIZABETH CITY,27909,1,2,0,0,3,0,1.0000,0.0000
312,2022,ELIZABETH CITY STATE UNIVERSITY,61,7680,NC,ELIZABETH CITY,27909,1,3,0,0,4,0,1.0000,0.0000
313,2022,ELON UNIVERSITY,61,2303,NC,ELON,27244,3,2,0,0,5,0,1.0000,0.0000
314,2022,ELSTER AMERICAN METER CO LLC,54,9143,NC,CHARLOTTE,28202,0,1,0,0,1,0,1.0000,0.0000
315,2022,ELSTER SOLUTIONS LLC,54,6768,NC,CHARLOTTE,28202,0,1,0,0,1,0,1.0000,0.0000
316,2022,EMCUBE TECHNOLOGIES INC,54,7420,NC,CHARLOTTE,28277,1,0,0,0,1,0,1.0000,0.0000
317,2022,EMERGYS LLC,51,5753,NC,MORRISVILLE,27560,0,1,0,0,1,0,1.0000,0.0000
318,2022,EMINENCE IT SOLUTIONS INC,54,4158,NC,CARY,27511,8,17,0,0,25,0,1.0000,0.0000
319,2022,EMPRO SYSTEMS LLC,54,8916,NC,CARY,27511,2,9,1,0,11,1,0.9167,0.0833
320,2022,ENFORGE LLC,33,8404,NC,ALBEMARLE,28001,1,0,0,0,1,0,1.0000,0.0000
321,2022,ENGINEERED TOWER SOLUTIONS PLLC,54,2572,NC,RALEIGH,27615,0,1,1,0,1,1,0.5000,0.5000
322,2022,ENOVA TECHNOLOGY SOLUTIONS LLC,54,8906,NC,CHARLOTTE,28262,0,1,0,0,1,0,1.0000,0.0000
323,2022,ENPRO ASSOCIATES LLC,42,6145,NC,CHARLOTTE,28209,0,0,0,1,0,1,0.0000,1.0000
324,2022,ENTERPRISE QA LABS INC,54,7893,NC,DURHAM,27713,0,8,0,0,8,0,1.0000,0.0000
325,2022,ENVISION SCIENCE ACADEMY,61,554,NC,WAKE FOREST,27587,0,1,0,0,1,0,1.0000,0.0000
326,2022,EPERNICUS LLC,54,9295,NC,DURHAM,27703,0,1,0,0,1,0,1.0000,0.0000
327,2022,EPIC GAMES INC,51,3991,NC,CARY,27518,6,18,1,0,24,1,0.9600,0.0400
328,2022,EPICSAI LLC,54,1476,NC,DURHAM,27703,3,1,0,0,4,0,1.0000,0.0000
329,2022,EPICYPHER INC,32,5462,NC,DURHAM,27709,0,1,0,0,1,0,1.0000,0.0000
330,2022,EPS EHRHARDT PARTNER SOLNS INC DBA,54,4844,NC,CHARLOTTE,28277,0,1,0,0,1,0,1.0000,0.0000
331,2022,EQUAGEN PLLC DBA EQUAGEN ENGINEERS,54,8610,NC,CARY,27511,0,1,0,0,1,0,1.0000,0.0000
332,2022,EQUIFINA INC,54,9327,NC,RALEIGH,27603,0,1,0,0,1,0,1.0000,0.0000
333,2022,ERK SOLUTIONS LLC,54,1883,NC,APEX,27502,1,0,0,0,1,0,1.0000,0.0000
334,2022,ESOTERIX GENETICS LABORATORIES LLC,62,7315,NC,BURLINGTON,27215,1,0,0,0,1,0,1.0000,0.0000
335,2022,ESQUIRE MEDIA LLC,52,4531,NC,DURHAM,27701,1,0,0,0,1,0,1.0000,0.0000
336,2022,ETTAIN GROUP INC,54,6354,NC,CHARLOTTE,28203,7,69,0,1,76,1,0.9870,0.0130
337,2022,EUCLID INNOVATIONS INC,54,4120,NC,CHARLOTTE,28277,15,3,1,0,18,1,0.9474,0.0526
338,2022,EVA GARLAND CONSULTING LLC,54,9845,NC,RALEIGH,27609,0,1,0,0,1,0,1.0000,0.0000
339,2022,EVAL CONSULTING INC,54,9179,NC,CHARLOTTE,28246,1,0,0,0,1,0,1.0000,0.0000
340,2022,EVALUESERVE INC,54,9850,NC,RALEIGH,27601,7,9,0,0,16,0,1.0000,0.0000
341,2022,EVERSOFT TECHNOLOGIES LLC,54,8291,NC,CHARLOTTE,28262,4,5,0,0,9,0,1.0000,0.0000
342,2022,EVIDERA INC,54,9539,NC,WILMINGTON,28401,4,4,0,0,8,0,1.0000,0.0000
343,2022,EXELA PHARMA SCIENCES LLC,32,6751,NC,LENOIR,28645,0,1,0,0,1,0,1.0000,0.0000
344,2022,"EXPREP, LLC",61,146,NC,CHARLOTTE,28217,1,0,0,0,1,0,1.0000,0.0000
345,2022,EXTREME NETWORKS INC,33,270,NC,MORRISVILLE,27560,6,18,0,0,24,0,1.0000,0.0000
346,2022,F A BARTLETT TREE EXPERT COMPANY,56,4490,NC,CHARLOTTE,28278,1,1,0,0,2,0,1.0000,0.0000
347,2022,FALLS LAKE INSURANCE MGT CO INC,52,7235,NC,RALEIGH,27609,0,1,0,0,1,0,1.0000,0.0000
348,2022,FANALYTICAL INC.,54,8585,NC,CHAPEL HILL,27514,1,0,0,0,1,0,1.0000,0.0000
349,2022,FARRAGUT SYSTEMS INC,54,241,NC,DURHAM,27713,0,1,0,0,1,0,1.0000,0.0000
350,2022,FAUNALABS INC,99,8368,NC,DURHAM,27713,1,0,0,0,1,0,1.0000,0.0000
351,2022,FAYETTEVILLE HEART CENTER PC,62,8924,NC,FAYETTEVILLE,28305,0,1,0,0,1,0,1.0000,0.0000
352,2022,FAYETTEVILLE STATE UNIVERSITY,61,8736,NC,FAYETTEVILLE,28301,1,0,0,0,1,0,1.0000,0.0000
353,2022,FDH INFRASTRUCTURE SERVICES LLC,99,1195,NC,RALEIGH,27616,0,7,0,0,7,0,1.0000,0.0000
354,2022,FDR ENGINEERS PLLC,54,3992,NC,RALEIGH,27613,0,0,0,1,0,1,0.0000,1.0000
355,2022,FEATHER TECHNOLOGIES INC,54,2975,NC,CARY,27511,1,0,0,0,1,0,1.0000,0.0000
356,2022,FIBERTEX PERSONAL CARE CORPORATION,31,8293,NC,ASHEBORO,27203,0,1,0,0,1,0,1.0000,0.0000
357,2022,FIDELITY INVESTMENTS,52,6067,NC,DURHAM,27709,0,1,0,0,1,0,1.0000,0.0000
358,2022,FINZLY INC,54,7815,NC,CHARLOTTE,28216,2,6,0,0,8,0,1.0000,0.0000
359,2022,FIPLEX COMMUNICATIONS INC,33,4322,NC,CHARLOTTE,28202,1,0,0,0,1,0,1.0000,0.0000
360,2022,FIRST CITIZENS BANK AND TRUST CO,52,3230,NC,RALEIGH,27609,1,52,0,0,53,0,1.0000,0.0000
361,2022,"FLETCHER ACADEMY, INC.",61,2644,NC,FLETCHER,23732,2,0,0,0,2,0,1.0000,0.0000
362,2022,FLEXGEN POWER SYSTEMS,54,2499,NC,DURHAM,27701,1,0,0,0,1,0,1.0000,0.0000
363,2022,FLO-TITE INC VALVES & CONTROLS,33,5032,NC,LUMBERTON,28358,0,1,0,0,1,0,1.0000,0.0000
364,2022,FORTISVIEW LLC,54,3912,NC,RALEIGH,27615,5,10,2,5,15,7,0.6818,0.3182
365,2022,FORVIS LLP,54,260,NC,HIGH POINT,27265,0,1,0,0,1,0,1.0000,0.0000
366,2022,FRESH U CORP,44,8303,NC,RALEIGH,27617,2,0,0,0,2,0,1.0000,0.0000
367,2022,FRIENDS HOSPITALITY LLC,72,1290,NC,ASHEVILLE,28801,0,1,0,0,1,0,1.0000,0.0000
368,2022,FSTECK LLC,54,3413,NC,RALEIGH,27609,1,0,0,0,1,0,1.0000,0.0000
369,2022,FUJIFILM HEALTHCARE AMERICAS CORP,33,1985,NC,MORRISVILLE,27560,0,4,0,0,4,0,1.0000,0.0000
370,2022,FUJIFILM HEALTHCARE AMERICAS CORPORATION,33,1985,NC,MORRISVILLE,27560,0,4,0,0,4,0,1.0000,0.0000
371,2022,GAIA HERBS INC,32,5780,NC,BREVARD,28712,0,1,0,0,1,0,1.0000,0.0000
372,2022,GAIT SOLUTIONS LLC,54,712,NC,DURHAM,27703,2,1,0,0,3,0,1.0000,0.0000
373,2022,GANGLANI DMD PLLC,62,703,NC,CHARLOTTE,28210,1,0,0,0,1,0,1.0000,0.0000
374,2022,GARY CALLISON JONES CPA PC,54,8848,NC,WINSTON SALEM,27103,0,1,0,0,1,0,1.0000,0.0000
375,2022,GENEMS SYSTEMS INC,54,6954,NC,CHARLOTTE,28203,1,0,0,0,1,0,1.0000,0.0000
376,2022,GENPAK LLC,32,3622,NC,CHARLOTTE,28273,0,1,0,0,1,0,1.0000,0.0000
377,2022,GENWORTH MORTGAGE INSURANCE CORP,52,5858,NC,RALEIGH,27615,0,2,0,0,2,0,1.0000,0.0000
378,2022,GF LINAMAR LLC,33,6316,NC,FLETCHER,28732,0,1,0,0,1,0,1.0000,0.0000
379,2022,GILBARCO INC DBA GILBARCO VEEDER-ROOT,42,4784,NC,GREENSBORO,27410,2,2,0,0,4,0,1.0000,0.0000
380,2022,GILL S PROCESS CONTROL INC,54,3708,NC,ROCKY MOUNT,27804,0,3,0,0,3,0,1.0000,0.0000
381,2022,GIRLS ON THE RUN INTERNATIONAL,62,1835,NC,GASTONIA,28052,1,0,0,0,1,0,1.0000,0.0000
382,2022,GK SOFTWARE USA INC,54,900,NC,RALEIGH,27615,0,1,1,0,1,1,0.5000,0.5000
383,2022,GKN DRIVELINE NEWTON LLC,33,34,NC,NEWTON,28658,1,3,0,0,4,0,1.0000,0.0000
384,2022,GLENMARK PHARMACEUTICALS INC USA,42,2019,NC,MONROE,28110,0,0,0,1,0,1,0.0000,1.0000
385,2022,GLENMARK PHARMACEUTICALS USA INC,42,2019,NC,MONROE,28110,0,0,0,1,0,1,0.0000,1.0000
386,2022,GLOBAL APPLIED BUSINESS SERVICES C,54,8486,NC,HOLLY SPRINGS,27540,2,0,0,0,2,0,1.0000,0.0000
387,2022,GLOBAL DATA CONSORTIUM INC,51,6517,NC,RALEIGH,27604,1,0,0,0,1,0,1.0000,0.0000
388,2022,GLOBAL SOFTWARE LLC D/B/A INSIGHTSOFTWARE.COM,51,4603,NC,RALEIGH,27615,0,2,0,0,2,0,1.0000,0.0000
389,2022,GO8 IT INC,54,8013,NC,CHARLOTTE,28277,5,1,0,0,6,0,1.0000,0.0000
390,2022,GOLDEN TECH SYSTEMS INC,54,5420,NC,CHARLOTTE,28280,0,1,0,0,1,0,1.0000,0.0000
391,2022,GOODRICH CORP DBA COLLINS AEROSPAC,33,2680,NC,CHARLOTTE,28217,0,3,0,0,3,0,1.0000,0.0000
392,2022,GOODROADS INC,51,2146,NC,CHARLOTTE,28209,0,1,0,0,1,0,1.0000,0.0000
393,2022,GOODWILL INDS OF THE SOUTHERN PIED,81,4639,NC,CHARLOTTE,28208,1,0,0,0,1,0,1.0000,0.0000
394,2022,GOOGLE LLC,54,3581,NC,HICKORY,28601,0,1,0,0,1,0,1.0000,0.0000
395,2022,GRACE BAPTIST CHURCH OF WILMINGTON D/B/A WILMINGTON CHRISTIAN ACADEMY,61,3750,NC,WILMINGTON,28405,0,2,0,0,2,0,1.0000,0.0000
396,2022,GREENSBORO RADIOLOGY PA,62,2865,NC,GREENSBORO,27401,1,0,0,0,1,0,1.0000,0.0000
397,2022,GREERWALKER LLP,54,4747,NC,CHARLOTTE,28202,0,1,0,0,1,0,1.0000,0.0000
398,2022,GRIDBRIDGE INC,99,2695,NC,RALEIGH,27603,0,1,0,0,1,0,1.0000,0.0000
399,2022,GROUP FOR THE RESEARCH OF ITERATIV,54,5474,NC,MARS HILL,28754,1,0,0,0,1,0,1.0000,0.0000
400,2022,GUILFORD COLLEGE,61,9982,NC,GREENSBORO,27410,4,0,0,0,4,0,1.0000,0.0000
401,2022,GUILFORD COUNTY SCHOOLS,61,522,NC,GREENSBORO,27401,2,4,0,0,6,0,1.0000,0.0000
402,2022,GVKTEK INC,54,5996,NC,CHARLOTTE,28262,3,0,0,0,3,0,1.0000,0.0000
403,2022,GXO ENTERPRISE SERVICES LLC,54,7695,NC,CHARLOTTE,28277,0,2,0,0,2,0,1.0000,0.0000
404,2022,GXO LOGISTICS CORPORATE SERVICES INC,54,4859,NC,CHARLOTTE,28277,3,28,0,0,31,0,1.0000,0.0000
405,2022,GXO LOGISTICS OF TEXAS LLC,54,8,NC,CHARLOTTE,28277,0,1,0,0,1,0,1.0000,0.0000
406,2022,GXO WAREHOUSE COMPANY INC,54,9841,NC,CHARLOTTE,28277,0,1,0,0,1,0,1.0000,0.0000
407,2022,HAECO AIRFRAME SERVICES LLC,48,639,NC,GREENSBORO,27410,1,1,0,0,2,0,1.0000,0.0000
408,2022,"HAECO CABIN SOLUTIONS, LLC",48,9809,NC,GREENSBORO,27410,1,1,0,0,2,0,1.0000,0.0000
409,2022,HALIFAX COUNTY SCHOOLS,61,1042,NC,HALIFAX,27839,20,3,0,0,23,0,1.0000,0.0000
410,2022,HALIWA SAPONI TRIBAL SCHOOL,61,7602,NC,HOLLISTER,27844,2,0,0,0,2,0,1.0000,0.0000
411,2022,HAND HELD PRODUCTS INC,33,7077,NC,CHARLOTTE,28202,7,15,1,0,22,1,0.9565,0.0435
412,2022,HANESBRANDS INC,31,2316,NC,WINSTON SALEM,27105,0,5,0,0,5,0,1.0000,0.0000
413,2022,HANNLEB LLC,62,114,NC,HUNTERSVILLE,28078,0,1,0,0,1,0,1.0000,0.0000
414,2022,HANUSOFT INC,54,6530,NC,CARY,27511,0,2,0,0,2,0,1.0000,0.0000
415,2022,HARBOR HAT INC,54,4446,NC,MORRISVILLE,27560,15,0,0,0,15,0,1.0000,0.0000
416,2022,HARRIS TEETER LLC,44,87,NC,MATTHEWS,28105,0,1,0,0,1,0,1.0000,0.0000
417,2022,HARTRANFT LIGHTING DESIGN LLC,54,7058,NC,CHARLOTTE,28215,1,0,0,0,1,0,1.0000,0.0000
418,2022,HATCH INC,61,5445,NC,WINSTON SALEM,27101,1,1,0,0,2,0,1.0000,0.0000
419,2022,HAYS FLUID CONTROLS-DIV OF ROMAC I,33,5053,NC,DALLAS,28034,0,2,0,0,2,0,1.0000,0.0000
420,2022,HEALTHKEEPERZ INC,62,4210,NC,PEMBROKE,28372,0,1,0,0,1,0,1.0000,0.0000
421,2022,HEALTHY START ACADEMY CHARTER SCHO,61,6741,NC,DURHAM,27701,1,0,0,0,1,0,1.0000,0.0000
422,2022,HEALTHY START ACADEMY CHARTER SCHOOL INC,61,6741,NC,DURHAM,27701,4,4,0,0,8,0,1.0000,0.0000
423,2022,HELEN LIFE INC,72,336,NC,CHARLOTTE,28202,0,1,0,0,1,0,1.0000,0.0000
424,2022,HENDERSON COLLEGIATE INC,61,6516,NC,HENDERSON,27536,1,1,0,0,2,0,1.0000,0.0000
425,2022,HERITAGE ACADEMY OF NC INC,61,1779,NC,HOLLY SPRINGS,27540,0,2,0,0,2,0,1.0000,0.0000
426,2022,HICAPS INC,23,1637,NC,GREENSBORO,27409,0,2,0,0,2,0,1.0000,0.0000
427,2022,HIGGS BOSON INC,51,7576,NC,DURHAM,27705,1,0,0,0,1,0,1.0000,0.0000
428,2022,HIGHBROW TECHNOLOGY INC,54,7246,NC,CARY,27513,5,3,0,0,8,0,1.0000,0.0000
429,2022,HIGHPOINT SOLUTIONS LLC,32,442,NC,DURHAM,27703,1,6,0,3,7,3,0.7000,0.3000
430,2022,HITACHI ENERGY USA INC,22,6443,NC,RALEIGH,27606,15,38,0,0,53,0,1.0000,0.0000
431,2022,HITEX INFO LLC,54,5923,NC,CHARLOTTE,28262,1,0,0,0,1,0,1.0000,0.0000
432,2022,HMS HOLDINGS LP DBA HENDRICK MOTOR,71,2963,NC,CHARLOTTE,28262,0,1,0,0,1,0,1.0000,0.0000
433,2022,HOFFMAN BUILDING TECHNOLOGIES INC,23,9144,NC,GREENSBORO,27407,1,1,0,0,2,0,1.0000,0.0000
434,2022,HOGANAS ENVIRONMENT SOLUTIONS LLC,56,166,NC,CARY,27513,0,1,0,0,1,0,1.0000,0.0000
435,2022,HOKE COUNTY SCHOOLS,61,1051,NC,RAEFORD,28376,0,1,0,0,1,0,1.0000,0.0000
436,2022,HOLISTIC ACUPUNCTURE LLC,62,9936,NC,CARY,27511,1,0,0,0,1,0,1.0000,0.0000
437,2022,HOLT BROTHERS CONSTRUCTION LLC,23,2685,NC,RALEIGH,27601,0,1,0,0,1,0,1.0000,0.0000
438,2022,HONDA AIRCRAFT COMPANY LLC,33,736,NC,GREENSBORO,27410,5,2,0,0,7,0,1.0000,0.0000
439,2022,HONEYWELL ANALYTICS INC,54,4563,NC,CHARLOTTE,28202,0,1,0,0,1,0,1.0000,0.0000
440,2022,HONEYWELL INTERNATIONAL INC,54,650,NC,CHARLOTTE,28202,47,139,1,2,186,3,0.9841,0.0159
441,2022,HONEYWELL SAFETY PRODUCTS USA INC,54,3444,NC,CHARLOTTE,28202,0,2,0,0,2,0,1.0000,0.0000
442,2022,HUBER ENGINEERED WOODS LLC,99,4488,NC,CHARLOTTE,28262,0,1,0,0,1,0,1.0000,0.0000
443,2022,HUMACYTE GLOBAL INC,54,1297,NC,DURHAM,27713,1,0,0,0,1,0,1.0000,0.0000
444,2022,HYOSUNG USA INC,31,8280,NC,CHARLOTTE,28277,0,1,0,0,1,0,1.0000,0.0000
445,2022,HYSTER-YALE GROUP INC,42,700,NC,GREENVILLE,27834,2,3,0,0,5,0,1.0000,0.0000
446,2022,I-77 MOBILITY PARTNERS LLC,48,1828,NC,CHARLOTTE,28216,0,1,0,0,1,0,1.0000,0.0000
447,2022,IBM CORPORATION,51,1985,NC,DURHAM,27709,1238,1836,19,21,3074,40,0.9872,0.0128
448,2022,IBM INDIA PRIVATE LIMITED,54,1340,NC,DURHAM,27709,1,74,0,2,75,2,0.9740,0.0260
449,2022,ICA NORTHEAST INC,33,1034,NC,WHITSETT,27377,0,1,0,0,1,0,1.0000,0.0000
450,2022,ICLOUDNOW LLC,54,9984,NC,MORRISVILLE,27560,0,6,0,0,6,0,1.0000,0.0000
451,2022,IGM RESINS USA INC,32,2756,NC,CHARLOTTE,28273,0,1,0,0,1,0,1.0000,0.0000
452,2022,IGM SURFACES LLC DBA IGM CORP,42,3846,NC,RALEIGH,27610,0,1,0,0,1,0,1.0000,0.0000
453,2022,ILIM COMMUNITY PARTNERS LLC,61,2306,NC,PINEVILLE,28134,3,0,0,0,3,0,1.0000,0.0000
454,2022,IMAGE QUALITY LABS INC,54,556,NC,DURHAM,27705,0,1,0,0,1,0,1.0000,0.0000
455,2022,INDUSTRIAL CONNECTIONS & SOLNS LLC,33,1168,NC,CARY,27511,0,6,0,0,6,0,1.0000,0.0000
456,2022,INFINIA ML INC,54,3164,NC,DURHAM,27703,0,1,0,0,1,0,1.0000,0.0000
457,2022,INFINICS INC,54,9969,NC,CHARLOTTE,28262,4,0,0,0,4,0,1.0000,0.0000
458,2022,INFOBELT LLC DBA INFOBELT,54,1925,NC,CHARLOTTE,28203,0,1,0,0,1,0,1.0000,0.0000
459,2022,INFOEXCEL INC,54,2558,NC,DURHAM,27713,3,0,0,0,3,0,1.0000,0.0000
460,2022,INFOMERICA INC,54,5138,NC,CARY,27513,1,29,0,0,30,0,1.0000,0.0000
461,2022,INFOTEK GROUPS INC,54,9621,NC,DURHAM,27713,2,2,0,0,4,0,1.0000,0.0000
462,2022,INGERSOLL-RAND INDUSTRIAL US INC.,33,2128,NC,DAVIDSON,28036,3,2,0,0,5,0,1.0000,0.0000
463,2022,INIVATA INC,99,9784,NC,DURHAM,27709,0,1,0,0,1,0,1.0000,0.0000
464,2022,INMAR ANALYTICS INC,54,3944,NC,WINSTON SALEM,27101,1,0,0,0,1,0,1.0000,0.0000
465,2022,INMAR BRAND SOLUTIONS INC,54,2334,NC,WINSTON SALEM,27101,1,0,0,0,1,0,1.0000,0.0000
466,2022,INMAR INC,54,9300,NC,WINSTON,27101,6,8,0,0,14,0,1.0000,0.0000
467,2022,INMAR RX SOLUTIONS INC,54,6480,NC,WINSTON SALEM,27101,1,0,0,0,1,0,1.0000,0.0000
468,2022,INMAR- OIQ LLC,54,4015,NC,WINSTON SALEM,27101,0,1,0,0,1,0,1.0000,0.0000
469,2022,INNOVATIVE SENIOR CARE HOME HEALTH OF HIGH POINT LLC DBA BROOKDALE HOME HEALTH WINSTON,62,2600,NC,GREENSBORO,27409,0,1,0,0,1,0,1.0000,0.0000
470,2022,INSIDE GLOBAL INC,54,3678,NC,RALEIGH,27612,1,0,0,0,1,0,1.0000,0.0000
471,2022,INSIGHT INTELLI INC,54,221,NC,CHARLOTTE,28262,10,6,0,0,16,0,1.0000,0.0000
472,2022,INSIGHTSOFTWARE LLC,51,4603,NC,RALEIGH,27615,1,5,0,0,6,0,1.0000,0.0000
473,2022,INTECA IT SOLUTIONS LLC,54,5194,NC,CHARLOTTE,28213,22,9,1,0,31,1,0.9688,0.0313
474,2022,INTEGRATED WEALTHCARE LLC,52,4391,NC,DURHAM,27707,1,0,0,0,1,0,1.0000,0.0000
475,2022,INTEGRO TECHNOLOGIES CORPORATION,54,350,NC,SALISBURY,28144,1,0,0,0,1,0,1.0000,0.0000
476,2022,INTELLIGAIA LLC,54,8209,NC,DURHAM,27709,2,0,0,0,2,0,1.0000,0.0000
477,2022,INTELLIGRATED HEADQUARTERS LLC,54,1653,NC,CHARLOTTE,28202,9,10,0,0,19,0,1.0000,0.0000
478,2022,INTELLIGRATED SERVICES LLC,54,6859,NC,CHARLOTTE,28202,17,39,0,2,56,2,0.9655,0.0345
479,2022,INTELLIGRATED SOFTWARE LLC,54,6720,NC,CHARLOTTE,28202,1,18,0,0,19,0,1.0000,0.0000
480,2022,INTELLIGRATED SYSTEMS INC,54,7210,NC,CHARLOTTE,28202,0,1,0,0,1,0,1.0000,0.0000
481,2022,INTELLIGRATED SYSTEMS LLC,54,5356,NC,CHARLOTTE,28202,11,7,0,0,18,0,1.0000,0.0000
482,2022,INTERMEC TECHNOLOGIES CORPORATION,33,4594,NC,CHARLOTTE,28202,1,3,0,0,4,0,1.0000,0.0000
483,2022,INTERNATIONAL MATERIALS GROUP LLC,33,136,NC,DEEP GAP,28618,0,1,0,0,1,0,1.0000,0.0000
484,2022,INTERROLL USA HOLDING LLC,33,4132,NC,WILMINGTON,28405,0,1,0,0,1,0,1.0000,0.0000
485,2022,INTL MONTESSORI SCHOOL INC,61,2150,NC,DURHAM,27707,0,1,0,0,1,0,1.0000,0.0000
486,2022,INVESTICORE HOLDINGS USA LLC,53,2310,NC,CHARLOTTE,28203,1,0,0,0,1,0,1.0000,0.0000
487,2022,IQ CONTRACTING LLC,23,8894,NC,RALEIGH,27608,1,0,0,0,1,0,1.0000,0.0000
488,2022,IQMETRIX USA INC,54,7944,NC,DAVIDSON,28036,0,2,0,0,2,0,1.0000,0.0000
489,2022,IQVIA INC,54,6026,NC,DURHAM,27703,39,113,1,4,152,5,0.9682,0.0318
490,2022,IQVIA RDS INC,32,3952,NC,DURHAM,27703,8,70,0,0,78,0,1.0000,0.0000
491,2022,IRARITY LLC,54,7601,NC,DURHAM,27703,3,0,0,0,3,0,1.0000,0.0000
492,2022,IREDELL STATESVILLE SCHOOLS,61,4267,NC,STATESVILLE,28677,1,0,0,0,1,0,1.0000,0.0000
493,2022,IT AUTOMATION LLC,54,8367,NC,CARY,27519,3,7,0,2,10,2,0.8333,0.1667
494,2022,IT KEYSOURCE INC,54,4892,NC,CHARLOTTE,28277,8,27,0,0,35,0,1.0000,0.0000
495,2022,IT PEOPLE CORPORATION,54,6451,NC,MORRISVILLE,27560,8,8,0,0,16,0,1.0000,0.0000
496,2022,IT VISION INC,54,5195,NC,CARY,27513,1,8,1,0,9,1,0.9000,0.1000
497,2022,ITALENTA INC,54,4120,NC,CHARLOTTE,28210,0,1,0,0,1,0,1.0000,0.0000
498,2022,JAGGAER LLC,51,7592,NC,MORRISVILLE,27560,0,1,0,0,1,0,1.0000,0.0000
499,2022,JAMES B HUNT JR INSTITUTE FOR EDUCATIONAL LEADERSHIP AND POLICY FOUNDATION INC,54,5367,NC,CARY,27513,1,0,0,0,1,0,1.0000,0.0000
500,2022,JAVANTECH INC,54,9645,NC,GREENSBORO,27410,2,2,0,0,4,0,1.0000,0.0000
501,2022,JDS CONSULTING PLLC,54,7958,NC,RALEIGH,27617,0,1,0,0,1,0,1.0000,0.0000
502,2022,JELD-WEN INC,32,6342,NC,CHARLOTTE,28273,0,3,0,0,3,0,1.0000,0.0000
503,2022,JM THOMPSON COMPANY,23,742,NC,CARY,27511,0,1,0,0,1,0,1.0000,0.0000
504,2022,JMP STATISTICAL DISCOVERY LLC,54,5237,NC,CARY,27513,0,3,0,0,3,0,1.0000,0.0000
505,2022,JOHN DEERE KERNERSVILLE LLC,33,2263,NC,KERNERSVILLE,27284,0,3,0,0,3,0,1.0000,0.0000
506,2022,JOHNSON C SMITH UNIV INC,61,3069,NC,CHARLOTTE,28216,1,0,0,0,1,0,1.0000,0.0000
507,2022,JOSCO/NATIONSALES INC D/B/A JOSCO,42,2519,NC,MATTHEWS,28105,0,1,0,0,1,0,1.0000,0.0000
508,2022,JPDN LLC,23,5083,NC,CARY,27511,0,0,0,1,0,1,0.0000,1.0000
509,2022,JPS TECH SOLUTIONS LLC,54,518,NC,MORRISVILLE,27560,1,0,0,0,1,0,1.0000,0.0000
510,2022,JYL PROFESSIONAL INC,56,8345,NC,ROCKY MOUNT,27804,1,0,0,0,1,0,1.0000,0.0000
511,2022,KACO USA LLC,99,6520,NC,LINCOLNTON,28092,0,3,0,0,3,0,1.0000,0.0000
512,2022,KBI BIOPHARMA INC,54,8312,NC,DURHAM,27704,6,13,0,2,19,2,0.9048,0.0952
513,2022,KDEX GLOBAL LLC,54,7436,NC,DURHAM,27709,1,0,0,0,1,0,1.0000,0.0000
514,2022,KIDBOX.COM INC,99,8486,NC,LEXINGTON,27295,0,1,0,0,1,0,1.0000,0.0000
515,2022,KIDDE TECHS INC DBA COLLINS AEROSP,33,7059,NC,WILSON,27896,0,1,0,0,1,0,1.0000,0.0000
516,2022,KIMLEY-HORN AND ASSOCIATES INC,54,5615,NC,RALEIGH,27601,0,4,0,0,4,0,1.0000,0.0000
517,2022,KIMS YONG IN MARTIAL ARTS SCHOOL INC DBA YONG IN MARTIAL ARTS,61,5804,NC,HOLLY SPRINGS,27540,1,0,0,0,1,0,1.0000,0.0000
518,2022,KINETICS SYSTEMS INC,54,9569,NC,DURHAM,27713,1,1,0,0,2,0,1.0000,0.0000
519,2022,KINTOR PHARMACEUTICALS INC,32,3669,NC,CHAPEL HILL,27517,0,1,0,0,1,0,1.0000,0.0000
520,2022,KIRKLAND INC,23,9642,NC,HIGH POINT,27265,0,2,0,0,2,0,1.0000,0.0000
521,2022,KLAR VENTURES LLC,54,509,NC,CHARLOTTE,28280,1,0,0,0,1,0,1.0000,0.0000
522,2022,KMR GROUP INC,54,8947,NC,CARY,27513,0,1,0,0,1,0,1.0000,0.0000
523,2022,KODESYSTEMS LLC,54,5148,NC,CONCORD,28027,1,1,0,0,2,0,1.0000,0.0000
524,2022,KONTOOR BRANDS INC,31,248,NC,GREENSBORO,27401,0,1,0,0,1,0,1.0000,0.0000
525,2022,KONTOOR SERVICES LLC,31,4466,NC,GREENSBORO,27401,2,8,0,0,10,0,1.0000,0.0000
526,2022,KOOKS CUSTOM HEADERS,42,8773,NC,STATESVILLE,28677,1,0,0,0,1,0,1.0000,0.0000
527,2022,KRISPY KREME DOUGHNUT CORPORATION,31,8322,NC,CHARLOTTE,28203,0,1,0,0,1,0,1.0000,0.0000
528,2022,KRONSYS INC,54,6657,NC,RALEIGH,27615,0,14,0,1,14,1,0.9333,0.0667
529,2022,KRW ASSOCIATES LLC DBA PAYTOMORROW,52,6087,NC,HUNTERSVILLE,28078,1,0,0,0,1,0,1.0000,0.0000
530,2022,KSM CASTINGS USA INC,33,6538,NC,SHELBY,28150,2,0,0,0,2,0,1.0000,0.0000
531,2022,KUBE CLOUDS INC,54,8004,NC,MORRISVILLE,27513,4,0,0,0,4,0,1.0000,0.0000
532,2022,LABORATORY CORP OF AMERICA HOLDING,62,7370,NC,DURHAM,27709,2,23,0,0,25,0,1.0000,0.0000
533,2022,LABORATORY CORPORATION OF AMERICA HOLDINGS,62,7370,NC,BURLINGTON,27215,5,48,0,0,53,0,1.0000,0.0000
534,2022,LAIRD THERMAL SYSTEMS INC,33,9564,NC,MORRISVILLE,27560,1,1,0,0,2,0,1.0000,0.0000
535,2022,LAKE NORMAN CHARTER SCHOOL INC,61,164,NC,HUNTERSVILLE,28078,1,0,0,0,1,0,1.0000,0.0000
536,2022,LAKESIDE ENVIRONMENTAL CONSULTANTS LLC DBA ENVIRONMENTAL CONSULTANTS,54,2311,NC,WAKE FOREST,27587,2,0,0,0,2,0,1.0000,0.0000
537,2022,LANDDESIGN INC,54,2942,NC,CHARLOTTE,28202,3,4,0,0,7,0,1.0000,0.0000
538,2022,LANDIA INC,33,8599,NC,CARY,27513,0,1,0,0,1,0,1.0000,0.0000
539,2022,LAUT DESIGN INC,54,6356,NC,RALEIGH,27613,0,1,0,0,1,0,1.0000,0.0000
540,2022,LC INDUSTRIES INC,42,6307,NC,DURHAM,27703,0,1,0,0,1,0,1.0000,0.0000
541,2022,LEARNING TECHNOLOGIES GROUP INC,51,5109,NC,RALEIGH,27601,0,2,0,0,2,0,1.0000,0.0000
542,2022,LEELA CONSULTANCY LLC,54,8083,NC,CARY,27519,3,0,0,0,3,0,1.0000,0.0000
543,2022,LEMON TREE MEDIA LLC,54,444,NC,RALEIGH,27615,0,1,0,0,1,0,1.0000,0.0000
544,2022,LEND LEASE (US) CONSTRUCTION INC DBA LENDLEASE (US) CONSTRUCTION INC,23,5630,NC,CHARLOTTE,28208,0,1,0,0,1,0,1.0000,0.0000
545,2022,LEND LEASE US CONSTRUCTION INC DBA LEND LEASE US CONSTRUCTION INC,23,5630,NC,CHARLOTTE,28208,0,2,0,0,2,0,1.0000,0.0000
546,2022,LEND LEASE US CONSTRUCTION LMB INC,23,6742,NC,CHARLOTTE,28208,0,1,0,0,1,0,1.0000,0.0000
547,2022,LEND LEASE US CONSTRUCTION LMB INC DBA LENDLEASE US CONSTRUCTION LMB INC,23,6742,NC,CHARLOTTE,28208,0,3,0,1,3,1,0.7500,0.2500
548,2022,LEND LEASE US SVCS INC DBA LENDLEA,23,1852,NC,CHARLOTTE,28208,1,3,0,2,4,2,0.6667,0.3333
549,2022,LENDINGTREE LLC,52,5344,NC,CHARLOTTE,28203,3,29,0,0,32,0,1.0000,0.0000
550,2022,LENDLEASE US SERVICES INC,23,1852,NC,CHARLOTTE,28208,1,1,0,1,2,1,0.6667,0.3333
551,2022,LENOVO GLOBAL TECHNOLOGY US INC,54,5564,NC,MORRISVILLE,27560,5,21,0,1,26,1,0.9630,0.0370
552,2022,LENOVO UNITED STATES INC,33,9153,NC,MORRISVILLE,27560,15,43,0,2,58,2,0.9667,0.0333
553,2022,LESLIE MERRITT INC DBA TAX AND QB GURU,54,6238,NC,WILSON,27896,1,0,0,0,1,0,1.0000,0.0000
554,2022,LEVVEL LLC,54,2174,NC,CHARLOTTE,28202,1,0,0,0,1,0,1.0000,0.0000
555,2022,LEXINGTON CITY SCHOOLS,61,1065,NC,LEXINGTON,27292,4,0,0,0,4,0,1.0000,0.0000
556,2022,LIBERTY HOME CARE V LLC,62,4398,NC,WILMINGTON,28403,0,1,0,0,1,0,1.0000,0.0000
557,2022,LITTERATI INC,54,2868,NC,DURHAM,27701,0,1,0,0,1,0,1.0000,0.0000
558,2022,LITTERATI LLC,54,7114,NC,DURHAM,27701,1,0,0,0,1,0,1.0000,0.0000
559,2022,LITTLE DIVERSIFIED ARCHITECTURAL CONSULTING INC,54,4622,NC,CHARLOTTE,28202,0,2,0,0,2,0,1.0000,0.0000
560,2022,LIVENT LITHIUM LLC,32,6227,NC,CHARLOTTE,28202,0,1,0,0,1,0,1.0000,0.0000
561,2022,LOGIC EXPLORER LLC,54,5902,NC,CARY,27519,1,0,0,0,1,0,1.0000,0.0000
562,2022,LOPAREX LLC,32,8954,NC,CARY,27518,0,2,0,0,2,0,1.0000,0.0000
563,2022,LORVEN GROUP INC,54,5405,NC,CHARLOTTE,28277,13,2,0,0,15,0,1.0000,0.0000
564,2022,LOWES COMPANIES INC,44,8072,NC,MOORESVILLE,28117,18,323,0,3,341,3,0.9913,0.0087
565,2022,LS CABLE AND SYSTEM U S A  INC,33,1229,NC,TARBORO,37886,1,0,0,0,1,0,1.0000,0.0000
566,2022,LUMEOVA INC,33,9325,NC,RALEIGH,27607,1,1,0,0,2,0,1.0000,0.0000
567,2022,LUMOS NETWORKS CORP,51,2490,NC,CHARLOTTE,28277,0,1,0,0,1,0,1.0000,0.0000
568,2022,LXD RESEARCH & DISPLAY LLC,54,245,NC,RALEIGH,27617,0,2,0,0,2,0,1.0000,0.0000
569,2022,LYNCH MYKINS STRUCTURAL ENGINEERS PC,54,3553,NC,RALEIGH,27603,0,1,0,0,1,0,1.0000,0.0000
570,2022,MACGREGOR PARTNERS LLC,54,9148,NC,RALEIGH,27612,1,0,0,0,1,0,1.0000,0.0000
571,2022,MACK TRUCKS INC,33,2040,NC,GREENSBORO,27409,3,7,0,0,10,0,1.0000,0.0000
572,2022,MACKAY COMMUNICATIONS INC,81,100,NC,RALEIGH,27616,1,0,0,0,1,0,1.0000,0.0000
573,2022,MACKIN CONSULTANCY LLC,54,5130,NC,RUTHERFORDTON,28139,1,1,0,0,2,0,1.0000,0.0000
574,2022,MAFIC USA LLC,42,5737,NC,SHELBY,28150,1,0,0,0,1,0,1.0000,0.0000
575,2022,MAGNUM MANAGEMENT CORPORATION,71,5545,NC,CHARLOTTE,28217,1,0,0,0,1,0,1.0000,0.0000
576,2022,MAKONIS INC,54,3829,NC,CHARLOTTE,28226,7,0,0,0,7,0,1.0000,0.0000
577,2022,MANAGE YOURID INC,54,8790,NC,CHARLOTTE,28273,1,0,0,0,1,0,1.0000,0.0000
578,2022,MANN HUMMEL PUROLATOR FILTERS LLC,42,3488,NC,FAYETTEVILLE,28306,1,2,0,0,3,0,1.0000,0.0000
579,2022,MANUFACTURING COMPLIANCE AND AUTOMATION SERVICES INC DBA MCA SERVICES INC,54,1141,NC,BATTLEBORO,27809,1,0,0,0,1,0,1.0000,0.0000
580,2022,MARINER LLC,54,1180,NC,CHARLOTTE,28270,0,2,0,0,2,0,1.0000,0.0000
581,2022,MARK LOUDERMILK ARCHITECTURE PLLC,54,9945,NC,WILMINGTON,28401,1,1,0,0,2,0,1.0000,0.0000
582,2022,MARKEN LLP,54,5670,NC,DURHAM,27703,0,1,0,0,1,0,1.0000,0.0000
583,2022,MARKET AMERICA INC,54,4094,NC,GREENSBORO,27409,0,4,0,0,4,0,1.0000,0.0000
584,2022,MARS HILL UNIV,61,4207,NC,MARS HILL,28754,1,0,0,0,1,0,1.0000,0.0000
585,2022,MARTIN MARIETTA MATERIALS INC,32,8578,NC,RALEIGH,27612,2,3,0,0,5,0,1.0000,0.0000
586,2022,MARVEL TECH GROUPS INC,54,3885,NC,DURHAM,27703,1,0,0,0,1,0,1.0000,0.0000
587,2022,MATEENBAR USA INC,33,3659,NC,CONCORD,28027,1,0,0,0,1,0,1.0000,0.0000
588,2022,MAYNE PHARMA INC,32,457,NC,GREENVILLE,27834,0,2,0,0,2,0,1.0000,0.0000
589,2022,MBM LEGACY INC,72,1613,NC,FAYETTEVILLE,28303,1,0,0,0,1,0,1.0000,0.0000
590,2022,MCFARLAND BUILDING GROUP LLC,23,3364,NC,CHARLOTTE,28202,1,1,0,0,2,0,1.0000,0.0000
591,2022,MCGUIREWOODS LLP,54,5857,NC,CHARLOTTE,28202,1,0,0,0,1,0,1.0000,0.0000
592,2022,MCKIM & CREED INC,54,6769,NC,RALEIGH,27606,0,5,0,1,5,1,0.8333,0.1667
593,2022,MCRT RESOURCES LLC,23,2804,NC,CHARLOTTE,28203,0,1,0,0,1,0,1.0000,0.0000
594,2022,MECHA INC,33,3769,NC,RALEIGH,27607,0,1,0,0,1,0,1.0000,0.0000
595,2022,MED-VANTAGE INC,32,8568,NC,DURHAM,27703,0,1,0,0,1,0,1.0000,0.0000
596,2022,MEDALLION POOL COMPANY INC,99,3170,NC,ASHEVILLE,28804,0,0,0,1,0,1,0.0000,1.0000
597,2022,MEDAVANTE PROPHASE INC,54,72,NC,CARY,27513,0,1,0,0,1,0,1.0000,0.0000
598,2022,MEDCALL HEALTHCARE ADVISORS LLC,62,446,NC,CORNELIUS,28031,0,1,0,0,1,0,1.0000,0.0000
599,2022,MEDHUS INFOTECH INC,54,1409,NC,CARY,27513,2,0,0,0,2,0,1.0000,0.0000
600,2022,MEDICAGO USA INC,54,4801,NC,DURHAM,27709,1,2,0,0,3,0,1.0000,0.0000
601,2022,MERCURYGATE INTERNATIONAL INC,51,7757,NC,CARY,27518,0,1,0,0,1,0,1.0000,0.0000
602,2022,MEREDITH COLLEGE,61,242,NC,RALEIGH,27607,0,1,0,0,1,0,1.0000,0.0000
603,2022,MERRILL LYNCH,52,4085,NC,CHARLOTTE,28255,2,58,0,0,60,0,1.0000,0.0000
604,2022,MERRILL LYNCH COMMODITIES INC,52,2099,NC,CHARLOTTE,28255,0,4,0,0,4,0,1.0000,0.0000
605,2022,METHODIST UNIVERSITY,61,7294,NC,FAYETTEVILLE,28311,0,0,0,1,0,1,0.0000,1.0000
606,2022,METHODIST UNIVERSITY INC,61,7294,NC,FAYETTEVILLE,28311,1,0,0,1,1,1,0.5000,0.5000
607,2022,METRIX IT SOLUTIONS INC,54,7325,NC,CHARLOTTE,28277,11,46,1,0,57,1,0.9828,0.0172
608,2022,MICROD LLC,54,3704,NC,CHARLOTTE,28226,0,1,0,0,1,0,1.0000,0.0000
609,2022,"MIDCAROLINA PEDIATRICS, P.A.",62,1282,NC,CHARLOTTE,28273,1,0,0,0,1,0,1.0000,0.0000
610,2022,MIDREX TECHNOLOGIES INC,54,1274,NC,CHARLOTTE,28202,0,6,0,0,6,0,1.0000,0.0000
611,2022,MILLENNIUM ADVISORS LLC,52,1601,NC,CHARLOTTE,28277,2,2,0,0,4,0,1.0000,0.0000
612,2022,MINA CHARTER SCHOOL OF LEE COUNTY,61,3491,NC,SANFORD,27332,5,0,0,0,5,0,1.0000,0.0000
613,2022,MM INFOTECH INC,54,273,NC,MORRISVILLE,27560,1,2,0,0,3,0,1.0000,0.0000
614,2022,MOMENTUM RESEARCH INC,99,8283,NC,CHAPEL HILL,27517,1,0,0,0,1,0,1.0000,0.0000
615,2022,MONTESSORI COMMUNITY SCHOOL,61,7164,NC,DURHAM,27707,0,1,0,0,1,0,1.0000,0.0000
616,2022,MOORE & VAN ALLEN PLLC,54,9307,NC,CHARLOTTE,28202,0,2,0,0,2,0,1.0000,0.0000
617,2022,MORGAN STANLEY SERVICES GROUP INC,52,6361,NC,RALEIGH,27622,1,0,0,0,1,0,1.0000,0.0000
618,2022,MOUNT AIRY CITY SCHOOLS,61,1082,NC,MT AIRY,27030,4,3,0,0,7,0,1.0000,0.0000
619,2022,MR BROWN INC,33,3273,NC,HIGH POINT,27263,0,0,1,0,0,1,0.0000,1.0000
620,2022,MURRAY M REEFER DDS PA,62,3837,NC,FAYETTEVILLE,28312,0,1,0,0,1,0,1.0000,0.0000
621,2022,MYERS BIGEL PA,54,3226,NC,RALEIGH,27612,0,1,0,0,1,0,1.0000,0.0000
622,2022,N CAROLINA ELECTRIC MEMBERSHIP COR,22,5910,NC,RALEIGH,27616,0,1,0,0,1,0,1.0000,0.0000
623,2022,NASCENT TECHNOLOGY LLC,54,2023,NC,CHARLOTTE,28208,1,0,0,0,1,0,1.0000,0.0000
624,2022,NASH COUNTY PUBLIC SCHOOLS,61,6036,NC,NASHVILLE,27856,4,0,0,0,4,0,1.0000,0.0000
625,2022,NATIONAL COUNCIL FOR AIR AND STREAM IMPROVEMENT INC,54,5344,NC,CARY,27511,0,1,0,0,1,0,1.0000,0.0000
626,2022,NATIONAL GENERAL MANAGEMENT CORP,52,9471,NC,WINSTON SALEM,27105,2,7,0,1,9,1,0.9000,0.1000
627,2022,NATIVE RESOURCE GROUP INC,54,6205,NC,CLAYTON,27520,0,1,0,0,1,0,1.0000,0.0000
628,2022,NATUZZI FLORIDA LLC,99,5223,NC,HIGH POINT,27260,0,1,0,0,1,0,1.0000,0.0000
629,2022,NC A AND T STATE UNIVERSITY,61,7,NC,GREENSBORO,27411,4,4,0,0,8,0,1.0000,0.0000
630,2022,NC HEALTH AFFILIATES LLC,52,4944,NC,DURHAM,27707,2,40,0,0,42,0,1.0000,0.0000
631,2022,NC SCHOOL SCIENCE AND MATHEMATICS,61,5643,NC,DURHAM,27705,1,0,0,0,1,0,1.0000,0.0000
632,2022,NC STATE UNIVERSITY,61,756,NC,RALEIGH,27695,55,58,0,1,113,1,0.9912,0.0088
633,2022,NDUSTRIAL IO INC,54,2475,NC,RALEIGH,27601,1,0,0,0,1,0,1.0000,0.0000
634,2022,NEDERMAN CORPORATION,42,8262,NC,CHARLOTTE,28216,1,0,0,0,1,0,1.0000,0.0000
635,2022,NENINE TECHNOLOGIES INC,51,2328,NC,APEX,27502,3,1,0,0,4,0,1.0000,0.0000
636,2022,NEO PRISM SOLUTIONS LLC,54,7182,NC,CHARLOTTE,28226,9,40,2,0,49,2,0.9608,0.0392
637,2022,NET32 INC,42,4169,NC,CARY,27513,0,2,0,0,2,0,1.0000,0.0000
638,2022,NETGROUP INC,54,7961,NC,GREENSBORO,27409,1,0,0,0,1,0,1.0000,0.0000
639,2022,NETROCRON SYSTEMS LLC,54,7793,NC,CHARLOTTE,28277,0,1,0,0,1,0,1.0000,0.0000
640,2022,NEW KINETIC SOLNS LLC DBA PAR4SUCC,71,1160,NC,MORRISVILLE,27560,1,0,0,0,1,0,1.0000,0.0000
641,2022,NEW MASSEYHILL PHARMACY LLC,44,781,NC,FAYETTEVILLE,28306,1,0,0,0,1,0,1.0000,0.0000
642,2022,NEW MIND EDUCATION LLC,61,2216,NC,RALEIGH,27607,1,0,0,0,1,0,1.0000,0.0000
643,2022,NEXGEN SAVVY SOLUTIONS LLC,54,4073,NC,CHARLOTTE,28213,2,2,0,0,4,0,1.0000,0.0000
644,2022,NEXPERIA USA INC,33,6950,NC,DURHAM,27713,0,1,0,0,1,0,1.0000,0.0000
645,2022,NEXTGEN INTERACTIONS LLC,54,2809,NC,RALEIGH,27606,0,0,0,1,0,1,0.0000,1.0000
646,2022,NEXTGEN SOLUTIONS INC,54,2097,NC,CHARLOTTE,28262,1,9,0,0,10,0,1.0000,0.0000
647,2022,NG CORPORATE LLC,32,3692,NC,CHARLOTTE,28211,0,1,0,0,1,0,1.0000,0.0000
648,2022,NIAGARA MACHINE INC,33,8832,NC,CHARLOTTE,28217,1,2,0,0,3,0,1.0000,0.0000
649,2022,NITTA GELATIN USA INC,32,5190,NC,MORRISVILLE,27560,1,0,0,0,1,0,1.0000,0.0000
650,2022,NITYOSOFT INCORPORATED,54,8259,NC,CHARLOTTE,28262,6,3,0,0,9,0,1.0000,0.0000
651,2022,NNE INC,54,9773,NC,CLAYTON,27527,1,0,0,0,1,0,1.0000,0.0000
652,2022,NORTH CAROLINA A & T STATE UNIVERS,61,7,NC,GREENSBORO,27411,2,3,0,0,5,0,1.0000,0.0000
653,2022,NORTH CAROLINA CENTRAL UNIV,61,730,NC,DURHAM,27707,1,0,0,0,1,0,1.0000,0.0000
654,2022,NORTH CAROLINA CENTRAL UNIVERSITY,61,730,NC,DURHAM,27707,3,1,0,0,4,0,1.0000,0.0000
655,2022,NORTHAMPTON COUNTY PUBLIC SCHOOLS,61,1087,NC,JACKSON,27845,0,2,0,0,2,0,1.0000,0.0000
656,2022,NORTHEAST RALEIGH CHARTER ACADEMY,61,665,NC,RALEIGH,27604,2,2,0,1,4,1,0.8000,0.2000
657,2022,NOVAN INC,32,7682,NC,DURHAM,27703,0,1,0,0,1,0,1.0000,0.0000
658,2022,NOVANT HEALTH INC,62,6950,NC,CHARLOTTE,28207,1,5,0,0,6,0,1.0000,0.0000
659,2022,NOVANT HLTH NEW HANOVER REGIONAL M,62,7599,NC,WILMINGTON,28401,1,0,0,0,1,0,1.0000,0.0000
660,2022,NOVANT MEDICAL GROUP INC,62,8803,NC,CHARLOTTE,28204,0,5,0,0,5,0,1.0000,0.0000
661,2022,NOVAQUEST CAPITAL MANAGEMENT LLC,52,5707,NC,RALEIGH,27609,0,1,0,0,1,0,1.0000,0.0000
662,2022,NOVO NORDISK PHARMACEUTICAL INDUSTRIES LP,32,4716,NC,CLAYTON,27527,1,0,0,0,1,0,1.0000,0.0000
663,2022,NOVUS RESOURCES INC.,54,2268,NC,CARY,27519,1,0,0,0,1,0,1.0000,0.0000
664,2022,NTECH INTERNATIONAL LLC,54,4596,NC,CHARLOTTE,28277,7,6,0,0,13,0,1.0000,0.0000
665,2022,NUCOR CORPORATION NUCOR STEEL TX,33,817,NC,CHARLOTTE,28211,1,2,0,0,3,0,1.0000,0.0000
666,2022,NUCOR CORPORATION NUCOR STEEL UTAH,33,817,NC,CHARLOTTE,28211,4,3,0,0,7,0,1.0000,0.0000
667,2022,"NUCOR CORPORATION, VULCRAFT - INDIANA",33,817,NC,CHARLOTTE,28211,2,2,0,0,4,0,1.0000,0.0000
668,2022,NUVENTRA INC,32,9434,NC,DURHAM,27713,1,0,0,0,1,0,1.0000,0.0000
669,2022,NWR SERVICES LLC,23,5218,NC,CHARLOTTE,28202,0,2,0,0,2,0,1.0000,0.0000
670,2022,"O'BRIEN ATKINS ASSOCIATES, PA",54,5013,NC,DURHAM,27703,1,0,0,0,1,0,1.0000,0.0000
671,2022,OLD DOMINION FREIGHT LINE INC,42,1714,NC,THOMASVILLE,27360,0,9,0,0,9,0,1.0000,0.0000
672,2022,ONEH2 INC,32,3319,NC,HICKORY,28601,3,1,0,0,4,0,1.0000,0.0000
673,2022,OPERATIONSRX LLC,54,1166,NC,DAVIDSON,28036,1,0,0,0,1,0,1.0000,0.0000
674,2022,OPTCAPITAL LLC,52,775,NC,CHARLOTTE,28202,0,1,0,0,1,0,1.0000,0.0000
675,2022,OPTIMA ENGINEERING PA,54,4686,NC,CHARLOTTE,28203,0,1,0,0,1,0,1.0000,0.0000
676,2022,OPTO-ALIGNMENT TECHNOLOGY INC,33,3777,NC,INDIAN TRAIL,28079,0,1,0,0,1,0,1.0000,0.0000
677,2022,ORANGE WATER & SEWER AUTHORITY OWA,22,7098,NC,CARRBORO,27510,0,1,0,0,1,0,1.0000,0.0000
678,2022,ORIGIN HUBS INC,54,5569,NC,MORRISVILLE,27560,29,5,1,0,34,1,0.9714,0.0286
679,2022,OVULINE INC,62,8650,NC,DURHAM,27709,1,0,0,0,1,0,1.0000,0.0000
680,2022,PANTAR SOLUTIONS INC,54,1368,NC,CHARLOTTE,28277,8,23,0,1,31,1,0.9688,0.0313
681,2022,PARATA SYSTEMS LLC,54,471,NC,DURHAM,27703,1,0,0,0,1,0,1.0000,0.0000
682,2022,PARKDALE MILLS INC,31,9754,NC,GASTONIA,28054,0,1,0,0,1,0,1.0000,0.0000
683,2022,PARKER HANNIFIN CORPORATION,33,1060,NC,CARY,27511,0,1,0,0,1,0,1.0000,0.0000
684,2022,PASSPORT LABS INC,54,7364,NC,CHARLOTTE,28202,1,2,0,0,3,0,1.0000,0.0000
685,2022,PATAGONIA HEALTH INC,51,6453,NC,CARY,27513,0,1,0,0,1,0,1.0000,0.0000
686,2022,PAYMENTUS GROUP INC,52,9342,NC,CHARLOTTE,28277,0,11,0,0,11,0,1.0000,0.0000
687,2022,PAYMINTS.IO,52,7256,NC,CHARLOTTE,28226,1,0,0,0,1,0,1.0000,0.0000
688,2022,PEAK DEMAND INC,33,3477,NC,WILSON,27893,0,1,0,0,1,0,1.0000,0.0000
689,2022,PEAK SYSTEMS ENGINEERING,54,3417,NC,CARY,27511,0,1,0,0,1,0,1.0000,0.0000
690,2022,PENDO.IO INC,54,9724,NC,RALEIGH,27603,0,1,0,0,1,0,1.0000,0.0000
691,2022,PERCEPTIVE INFORMATICS LLC DBA CAL,54,7642,NC,MORRISVILLE,27560,1,0,0,0,1,0,1.0000,0.0000
692,2022,PERIGON INFOTECH INC,54,4225,NC,DURHAM,27703,6,10,1,0,16,1,0.9412,0.0588
693,2022,PERRY L JEFFRIES DDS AND ASSOCIATES PA,62,2902,NC,GREENSBORO,27405,0,1,0,0,1,0,1.0000,0.0000
694,2022,PERSON COUNTY SCHOOLS,61,1095,NC,ROXBORO,27573,1,0,0,0,1,0,1.0000,0.0000
695,2022,PESTA FINNIE ASSOCIATES LLP,54,1672,NC,CHARLOTTE,28211,1,0,0,0,1,0,1.0000,0.0000
696,2022,PESTER USA INC,99,6842,NC,HUNTERSVILLE,28078,0,1,0,0,1,0,1.0000,0.0000
697,2022,PHARMACEUTICAL RESEARCH ASSOCIATES INC,54,4111,NC,RALEIGH,27612,2,24,0,1,26,1,0.9630,0.0370
698,2022,PHARMACEUTICAL RESEARCH ASSOCS INC,54,4111,NC,RALEIGH,27612,3,39,0,2,42,2,0.9545,0.0455
699,2022,PHREESIA INC,54,5479,NC,RALEIGH,27601,0,7,0,0,7,0,1.0000,0.0000
700,2022,PIEDMONT COMMUNITY CHARTER SCHOOL,61,3586,NC,GASTONIA,28052,1,0,0,0,1,0,1.0000,0.0000
701,2022,PIKE ENGINEERING LLC,54,2131,NC,MOUNT AIRY,27030,2,1,0,0,3,0,1.0000,0.0000
702,2022,PIKE ENTERPRISES LLC,56,9644,NC,MOUNT AIRY,27030,0,3,0,1,3,1,0.7500,0.2500
703,2022,PINE GATE RENEWABLES LLC,22,4063,NC,ASHEVILLE,28801,1,2,0,0,3,0,1.0000,0.0000
704,2022,PINNACLE TEK LLC,54,6413,NC,DURHAM,27713,1,6,0,0,7,0,1.0000,0.0000
705,2022,PISGAH LABORATORIES INC,32,299,NC,PISGAH FOREST,28768,3,0,0,0,3,0,1.0000,0.0000
706,2022,PITT COUNTY MEMORIAL HOSP INC D/B/,62,5243,NC,GREENVILLE,27834,4,1,0,0,5,0,1.0000,0.0000
707,2022,PLEXUS CONSULTING CORP,54,9061,NC,DURHAM,27713,0,0,0,1,0,1,0.0000,1.0000
708,2022,PMAB LLC,54,4994,NC,CHARLOTTE,28217,0,2,0,0,2,0,1.0000,0.0000
709,2022,POLYHOSE INCORPORATED,42,3188,NC,WILMINGTON,28401,1,0,0,0,1,0,1.0000,0.0000
710,2022,POWER HOME SOLAR LLC,42,9854,NC,MOORESVILLE,28115,0,1,0,0,1,0,1.0000,0.0000
711,2022,POWER RELAYING SOLUTIONS PLLC,54,6031,NC,CHARLOTTE,28269,0,1,0,0,1,0,1.0000,0.0000
712,2022,POWERHOME SOLAR DBA PINK ENERGY,42,9854,NC,MOORESVILLE,28115,1,1,0,0,2,0,1.0000,0.0000
713,2022,PPD DEVELOPMENT LP,54,5267,NC,WILMINGTON,28401,44,108,0,4,152,4,0.9744,0.0256
714,2022,PRACTICE FUSION INC,51,8148,NC,RALEIGH,27609,0,1,0,0,1,0,1.0000,0.0000
715,2022,PRECISION BIOSCIENCES INC,54,6017,NC,DURHAM,27701,0,3,0,0,3,0,1.0000,0.0000
716,2022,PRECISION HYDRAULIC CYLINDERS INC,33,1036,NC,WILMINGTON,28405,0,1,0,0,1,0,1.0000,0.0000
717,2022,PRECISIONHAWK INC,54,4844,NC,RALEIGH,27603,0,1,0,0,1,0,1.0000,0.0000
718,2022,PREMIER HEALTHCARE SOLNS INC DBA P,54,4358,NC,CHARLOTTE,28277,1,12,0,0,13,0,1.0000,0.0000
719,2022,PREMIER HEALTHCARE SOLUTIONS INC D,54,4358,NC,CHARLOTTE,28277,1,6,0,0,7,0,1.0000,0.0000
720,2022,PREMIER INC,54,4358,NC,CHARLOTTE,28277,2,17,0,0,19,0,1.0000,0.0000
721,2022,PREMIER RESEARCH INTERNATIONAL LLC,54,1486,NC,MORRISVILLE,27560,3,12,0,0,15,0,1.0000,0.0000
722,2022,PREMIERE FIBERS LLC,31,6956,NC,ANSONVILLE,28007,0,0,0,1,0,1,0.0000,1.0000
723,2022,PREMIUM PEOPLE GROUP LLC,54,7535,NC,CARY,27511,2,0,0,0,2,0,1.0000,0.0000
724,2022,PRIME CONSULTING LLC,54,6987,NC,CARY,27513,0,6,0,1,6,1,0.8571,0.1429
725,2022,PRIMEVIGILANCE USA INC,54,8687,NC,RALEIGH,27607,0,1,0,0,1,0,1.0000,0.0000
726,2022,PRO 226 LLC,61,3224,NC,MOORESVILLE,28117,1,0,0,0,1,0,1.0000,0.0000
727,2022,PROCOM SERVICES AMERICA INC,54,8694,NC,RALEIGH,27606,2,1,0,0,3,0,1.0000,0.0000
728,2022,PROFESSIONAL POWER CONSULTING INC,54,2852,NC,CARY,27519,0,1,0,0,1,0,1.0000,0.0000
729,2022,PROFILFORM US INC,32,3420,NC,HENDERSON,27537,1,0,0,0,1,0,1.0000,0.0000
730,2022,PROMANTUS INC,54,6454,NC,RALEIGH,27607,12,4,1,0,16,1,0.9412,0.0588
731,2022,PROMETHEUS COMPUTING LLC,54,1363,NC,CULLOWHEE,28723,7,2,0,0,9,0,1.0000,0.0000
732,2022,PROMETHEUS GROUP ENTERPRISES LLC DBA PROMETHEUS GROUP,51,6046,NC,RALEIGH,27609,1,0,0,0,1,0,1.0000,0.0000
733,2022,PROSERV LLC,54,5087,NC,CONCORD,28027,1,0,0,0,1,0,1.0000,0.0000
734,2022,PROXIM SYSTEMS INC,54,6595,NC,CHARLOTTE,28277,0,2,0,0,2,0,1.0000,0.0000
735,2022,PSALM 128 MISSIONS,81,6946,NC,ETOWAH,28729,0,1,0,0,1,0,1.0000,0.0000
736,2022,PUNKER LLC,33,8207,NC,HICKORY,28602,0,1,0,0,1,0,1.0000,0.0000
737,2022,PURILUM LLC,31,5521,NC,GREENVILLE,27834,1,0,0,0,1,0,1.0000,0.0000
738,2022,PYXUS HOLDINGS INC,42,5176,NC,MORRISVILLE,27560,0,1,0,0,1,0,1.0000,0.0000
739,2022,Q SQUARED SOLUTIONS LLC,32,5218,NC,DURHAM,27703,0,4,0,0,4,0,1.0000,0.0000
740,2022,QC CONSULTING GROUP LLC,54,9008,NC,CHARLOTTE,28273,2,0,0,0,2,0,1.0000,0.0000
741,2022,QENNECTIT LLC,54,9496,NC,CHARLOTTE,28210,2,0,0,0,2,0,1.0000,0.0000
742,2022,QMS CAPITAL MANAGEMENT LP,52,2406,NC,DURHAM,27707,1,1,0,0,2,0,1.0000,0.0000
743,2022,QPIX SOLUTIONS INC,54,6323,NC,DURHAM,27709,1,0,0,0,1,0,1.0000,0.0000
744,2022,QUALITY EDUCATION ACADEMY,61,7872,NC,WINSTON SALEM,27105,5,4,0,0,9,0,1.0000,0.0000
745,2022,QUALITY EDUCATION INSTITUTE INC,62,5418,NC,WINSTON SALEM,27105,0,0,1,0,0,1,0.0000,1.0000
746,2022,QUANTA TECHNOLOGY LLC,54,7058,NC,RALEIGH,27607,7,7,0,0,14,0,1.0000,0.0000
747,2022,QUEENS UNIVERSITY OF CHARLOTTE,61,3,NC,CHARLOTTE,28274,0,2,1,0,2,1,0.6667,0.3333
748,2022,QUOTEWIZARD.COM LLC,52,555,NC,CHARLOTTE,28203,0,4,0,0,4,0,1.0000,0.0000
749,2022,R L WILLIAMS COMPANY,42,7686,NC,CONOVER,28613,1,0,0,0,1,0,1.0000,0.0000
750,2022,R.J. REYNOLDS TOBACCO COMPANY,31,5305,NC,WINSTON SALEM,27101,1,0,0,0,1,0,1.0000,0.0000
751,2022,RADCOM SOFTWARE SERVICES LLC,45,4587,NC,DURHAM,27703,13,17,0,1,30,1,0.9677,0.0323
752,2022,RAHUL MOHAN & ASSOCS DBA PRODUCTST,56,2847,NC,CHARLOTTE,28277,0,1,0,0,1,0,1.0000,0.0000
753,2022,RAI SERVICES COMPANY,31,2301,NC,WINSTON SALEM,27101,0,1,0,0,1,0,1.0000,0.0000
754,2022,RAILINC,51,1600,NC,CARY,27513,0,7,0,1,7,1,0.8750,0.1250
755,2022,RANDOLPH & SON BUILDERS INC,23,2671,NC,PINEVILLE,28134,0,1,0,0,1,0,1.0000,0.0000
756,2022,RAYON TEK SOLUTIONS INC,54,9122,NC,CHARLOTTE,28262,0,1,0,0,1,0,1.0000,0.0000
757,2022,RC CREATIONS LLC DBA ACME SMOKED F,31,4952,NC,WILMINGTON,28401,1,2,0,0,3,0,1.0000,0.0000
758,2022,RCS LOGISTICS INC,48,3755,NC,HUNTERSVILLE,16409,2,0,1,0,2,1,0.6667,0.3333
759,2022,REACHING ALL MINDS ACADEMY,61,7967,NC,DURHAM,27703,4,4,0,0,8,0,1.0000,0.0000
760,2022,RED HAT INC,54,4380,NC,RALEIGH,27601,45,115,0,0,160,0,1.0000,0.0000
761,2022,REFULGENT TECHNOLOGIES INC,54,6273,NC,CHARLOTTE,28284,0,1,0,0,1,0,1.0000,0.0000
762,2022,REGED INC,54,4249,NC,MORRISVILLE,27560,0,4,0,0,4,0,1.0000,0.0000
763,2022,REGENT STRATEGIC SOLUTIONS LLC,54,4500,NC,CHARLOTTE,28227,2,0,0,0,2,0,1.0000,0.0000
764,2022,RELEVANT ENGINEERING PLLC,54,8823,NC,CHARLOTTE,28202,1,0,0,0,1,0,1.0000,0.0000
765,2022,REPI LLC,32,1581,NC,DALLAS,28034,0,1,0,0,1,0,1.0000,0.0000
766,2022,RESEARCH TRIANGLE INSTITUTE,54,6338,NC,DURHAM,27709,6,13,0,0,19,0,1.0000,0.0000
767,2022,RESEARCH TRIANGLE INSTITUTE D/B/A,54,6338,NC,DURHAM,27709,0,2,0,0,2,0,1.0000,0.0000
768,2022,RESEARCHER MAP LLC,62,1198,NC,GREENSBORO,27409,1,0,0,0,1,0,1.0000,0.0000
769,2022,RESTOR3D INC,33,19,NC,DURHAM,27701,3,0,0,0,3,0,1.0000,0.0000
770,2022,RESULTID,51,5459,NC,DURHAM,27703,1,0,0,0,1,0,1.0000,0.0000
771,2022,REVEILLE TECHNOLOGIES INC,54,9595,NC,CHARLOTTE,28284,0,2,0,0,2,0,1.0000,0.0000
772,2022,REX HEALTHCARE INC DBA NC HEALTH,62,9129,NC,MORRISVILLE,27560,1,0,0,0,1,0,1.0000,0.0000
773,2022,REX HOSPITAL INC,62,9260,NC,RALEIGH,27607,0,1,0,0,1,0,1.0000,0.0000
774,2022,RICHMOND COUNTY SCHOOLS,61,2508,NC,HAMLET,28345,0,1,0,0,1,0,1.0000,0.0000
775,2022,RIESE CLOUD TEK LLC,54,4417,NC,HUNTERSVILLE,28078,3,0,0,0,3,0,1.0000,0.0000
776,2022,RIVER MILL ACADEMY,61,8126,NC,GRAHAM,27253,1,0,0,0,1,0,1.0000,0.0000
777,2022,ROCKY MOUNT PREPARATORY ACADEMY,61,1003,NC,ROCKY MOUNT,27804,4,0,0,0,4,0,1.0000,0.0000
778,2022,ROECHLING INDUSTRIAL GASTONIA,33,2226,NC,DALLAS,28034,0,1,0,0,1,0,1.0000,0.0000
779,2022,ROGER WEI DDS A PROFESSIONAL CORP,62,3742,NC,MORRISVILLE,27560,0,1,0,0,1,0,1.0000,0.0000
780,2022,ROYAL APPLIANCE MFG CO,33,353,NC,CHARLOTTE,28262,1,6,0,0,7,0,1.0000,0.0000
781,2022,RS&A INC,81,542,NC,RURAL HALL,27045,1,0,0,0,1,0,1.0000,0.0000
782,2022,RUMMEL KLEPPER & KAHL LLP,54,9112,NC,RALEIGH,27615,0,1,0,0,1,0,1.0000,0.0000
783,2022,RXDATASCIENCE INC,54,7329,NC,MORRISVILLE,27560,0,2,0,0,2,0,1.0000,0.0000
784,2022,S&ME INC,54,1580,NC,RALEIGH,27616,1,2,0,0,3,0,1.0000,0.0000
785,2022,S9 SOLUTIONS LLC,54,4163,NC,CARY,27513,2,0,0,0,2,0,1.0000,0.0000
786,2022,SADA SYSTEMS INC,54,6919,NC,CARY,27513,0,1,0,0,1,0,1.0000,0.0000
787,2022,SAGA CONSTRUCTION INC,99,3243,NC,KILL DEVIL HL,27948,1,0,0,0,1,0,1.0000,0.0000
788,2022,SAGE CONSULTING GROUP LLC,54,2292,NC,CHARLOTTE,28208,1,0,0,0,1,0,1.0000,0.0000
789,2022,SAHAA SOLUTIONS LLC D B A DATABRACKETS AND EHR 2 0,54,4117,NC,CARY,27519,0,1,0,0,1,0,1.0000,0.0000
790,2022,SAHAA SOLUTIONS LLC DBA DATABRACKETS,54,4117,NC,CARY,27519,1,1,0,0,2,0,1.0000,0.0000
791,2022,SALLIE B HOWARD SCHOOL,61,4150,NC,WILSON,27893,3,6,0,1,9,1,0.9000,0.1000
792,2022,SALLIE B HOWARD SCHOOL FOR THE ART,61,4150,NC,WILSON,27893,0,2,0,0,2,0,1.0000,0.0000
793,2022,SAM ANALYTICS SOLNS LLC DBA SAM IT,54,5892,NC,DURHAM,27713,0,1,0,0,1,0,1.0000,0.0000
794,2022,SAMINAVI LLC,54,1557,NC,CARY,27513,3,0,0,0,3,0,1.0000,0.0000
795,2022,SANDVIK MACHINING SOLNS USA LLC,33,9682,NC,MEBANE,27302,0,1,0,0,1,0,1.0000,0.0000
796,2022,SANDVIK MACHINING SOLUTIONS USA LLC,33,9682,NC,MEBANE,27302,0,2,0,0,2,0,1.0000,0.0000
797,2022,SANMARK LLC,42,8983,NC,GREENSBORO,27410,0,1,0,0,1,0,1.0000,0.0000
798,2022,SANSOFT LLC,54,7180,NC,RALEIGH,27606,1,0,0,0,1,0,1.0000,0.0000
799,2022,SAPHIRE SOLUTIONS INC,54,5164,NC,CARY,27518,0,3,0,0,3,0,1.0000,0.0000
800,2022,SAPIENS AMERICAS CORPORATION,54,1430,NC,RALEIGH,27607,0,12,0,0,12,0,1.0000,0.0000
801,2022,SAS INFO INC,54,1578,NC,HUNTERSVILLE,28078,14,0,0,0,14,0,1.0000,0.0000
802,2022,SAS INSTITUTE INC,54,3017,NC,CARY,27513,10,40,0,3,50,3,0.9434,0.0566
803,2022,SAVAS LABS INC,54,2726,NC,RALEIGH,27603,0,0,1,0,0,1,0.0000,1.0000
804,2022,SBM LIFE SCIENCE CORP,32,7188,NC,CARY,27513,0,1,0,0,1,0,1.0000,0.0000
805,2022,SCHAEFER SYSTEMS INTERNATIONAL INC,42,1861,NC,CHARLOTTE,28273,0,3,0,0,3,0,1.0000,0.0000
806,2022,SCOR GLOBAL LIFE AMERICAS REINSURA,52,48,NC,CHARLOTTE,28280,1,2,0,0,3,0,1.0000,0.0000
807,2022,SCOR GLOBAL LIFE AMERICAS REINSURANCE COMPANY,52,48,NC,CHARLOTTE,28280,1,8,0,0,9,0,1.0000,0.0000
808,2022,SCOR LIFE IRELAND DAC,52,5085,NC,CHARLOTTE,28280,0,1,0,0,1,0,1.0000,0.0000
809,2022,SCOTLAND COUNTY SCHOOLS,61,5686,NC,LAURINBURG,28352,1,1,0,0,2,0,1.0000,0.0000
810,2022,SCOTLAND MEMORIAL HOSPITAL INC,62,3151,NC,LAURINBURG,28352,1,0,0,0,1,0,1.0000,0.0000
811,2022,SEALAND CONTRACTORS CORP,23,8501,NC,CHARLOTTE,28206,0,1,0,0,1,0,1.0000,0.0000
812,2022,SEALED AIR CORPORATION,32,2767,NC,CHARLOTTE,28208,1,14,0,0,15,0,1.0000,0.0000
813,2022,SEALY INC,33,9379,NC,TRINITY,27370,0,1,0,0,1,0,1.0000,0.0000
814,2022,SEGULA TECHNOLOGIES USA INC,54,5698,NC,HIGH POINT,27265,0,1,0,0,1,0,1.0000,0.0000
815,2022,SENSUS USA INC,33,8883,NC,MORRISVILLE,27560,1,1,0,0,2,0,1.0000,0.0000
816,2022,SEQIRUS INC,54,7300,NC,HOLLY SPRINGS,27540,1,2,0,0,3,0,1.0000,0.0000
817,2022,SERC RELIABILITY CORPORATION,92,1003,NC,CHARLOTTE,28273,0,1,0,0,1,0,1.0000,0.0000
818,2022,SHARPGEN SOLUTIONS LLC,54,3223,NC,CHARLOTTE,28277,1,0,0,0,1,0,1.0000,0.0000
819,2022,SHAYNE C GAD D B A GAD CONSULTING SERVICES,54,8056,NC,RALEIGH,27609,1,0,0,0,1,0,1.0000,0.0000
820,2022,SHERRILL FURNITURE COMPANY INC,33,5593,NC,HICKORY,28601,1,0,0,0,1,0,1.0000,0.0000
821,2022,SIGNATURE IT SOLUTIONS INC,54,2722,NC,CHARLOTTE,28262,6,16,0,1,22,1,0.9565,0.0435
822,2022,SILVERFALLS SOLUTIONS INC,54,7300,NC,HIGH POINT,27265,3,6,0,1,9,1,0.9000,0.1000
823,2022,SIMNOVUS CORPORATION,33,1115,NC,CARY,27513,0,1,0,0,1,0,1.0000,0.0000
824,2022,SINGHS CONSULTING LLC,72,1628,NC,ASHEVILLE,28801,0,1,0,0,1,0,1.0000,0.0000
825,2022,SITEWORX LLC DBA SHIFT 7 DIGITAL,54,6172,NC,CARY,27518,2,0,0,0,2,0,1.0000,0.0000
826,2022,SKILL BUDDY INC,54,2087,NC,CARY,27511,2,4,0,0,6,0,1.0000,0.0000
827,2022,SKILLO INC,54,2088,NC,CHARLOTTE,28212,10,0,0,0,10,0,1.0000,0.0000
828,2022,SKY SYSTEMS INC,54,1264,NC,RALEIGH,27617,5,2,0,0,7,0,1.0000,0.0000
829,2022,SKYTEK CORP,54,863,NC,MORRISVILLE,27560,5,6,1,0,11,1,0.9167,0.0833
830,2022,SMART WIRES INC,22,7620,NC,DURHAM,27703,2,0,0,0,2,0,1.0000,0.0000
831,2022,SMARTINT TECHNOLOGIES LLC,54,3503,NC,MORRISVILLE,27560,23,6,1,0,29,1,0.9667,0.0333
832,2022,SMARTTRAK LLC,54,3497,NC,HOLLY SPRINGS,27540,4,0,0,0,4,0,1.0000,0.0000
833,2022,SMITH AND SALISBURY PLLC,54,5356,NC,CHARLOTTE,28203,0,1,0,0,1,0,1.0000,0.0000
834,2022,SMITH SINNETT ARCHITECTURE PA D/B/A SMITH SINNETT ARCHITECTS,54,6747,NC,RALEIGH,27607,0,1,0,0,1,0,1.0000,0.0000
835,2022,SMOODI INC,31,3998,NC,WINSTON SALEM,27101,1,0,0,0,1,0,1.0000,0.0000
836,2022,SNAP ONE LLC,33,4366,NC,CHARLOTTE,28273,0,1,0,0,1,0,1.0000,0.0000
837,2022,SNOWSTACK LLC,54,6317,NC,CHARLOTTE,28277,51,4,3,0,55,3,0.9483,0.0517
838,2022,SOCRATES ACADEMY,61,1228,NC,MATTHEWS,28105,0,1,0,0,1,0,1.0000,0.0000
839,2022,SONIC AUTOMOTIVE INC,44,790,NC,CHARLOTTE,28211,0,1,0,0,1,0,1.0000,0.0000
840,2022,SONSHINE GYMNASTICS INC,71,1425,NC,HOLLY SPRINGS,27540,0,1,0,0,1,0,1.0000,0.0000
841,2022,SONTARA OLD HICKORY INC,31,8391,NC,CANDLER,28715,1,0,0,0,1,0,1.0000,0.0000
842,2022,SOURCE CLOUD TECHNOLOGIES INC,54,9013,NC,APEX,27502,11,3,1,0,14,1,0.9333,0.0667
843,2022,"SOUTHEASTERN ORTHOPAEDIC SPECIALISTS, PA - MURPHY WAINER DIVISION",62,6047,NC,GREENSBORO,27401,1,0,0,0,1,0,1.0000,0.0000
844,2022,SOUTHEASTERN REGIONAL MEDICAL CENTER DBA UNC HEALTH SOUTHEASTERN,62,233,NC,LUMBERTON,28358,0,2,0,0,2,0,1.0000,0.0000
845,2022,SOUTHEASTERN REGIONAL PHYSICIAN SVCS,62,2805,NC,LUMBERTON,28358,0,1,0,0,1,0,1.0000,0.0000
846,2022,SPARKFX LLC,54,896,NC,CHARLOTTE,28210,2,0,0,0,2,0,1.0000,0.0000
847,2022,SPARTA SYSTEMS INC,51,6699,NC,CHARLOTTE,28202,0,9,0,0,9,0,1.0000,0.0000
848,2022,SPECTRAFORCE TECHNOLOGIES INC,99,6755,NC,RALEIGH,27603,0,1,0,0,1,0,1.0000,0.0000
849,2022,SPENCER HEALTH SOLUTIONS INC,62,7346,NC,MORRISVILLE,27560,0,2,0,0,2,0,1.0000,0.0000
850,2022,SPIRITS TACTICAL GOODS INC,42,1092,NC,CARY,27519,1,0,0,0,1,0,1.0000,0.0000
851,2022,SPORTS ENDEAVORS INC,99,7278,NC,HILLSBOROUGH,27278,0,2,0,0,2,0,1.0000,0.0000
852,2022,SPORTSMEDIA TECHNOLOGY CORP,54,3107,NC,DURHAM,27707,0,1,0,0,1,0,1.0000,0.0000
853,2022,SPRYDOSYSTEMS LLC,54,5382,NC,CHARLOTTE,28262,12,5,1,0,17,1,0.9444,0.0556
854,2022,SPX CORPORATION,33,6240,NC,CHARLOTTE,28277,0,4,0,0,4,0,1.0000,0.0000
855,2022,SPX FLOW INC,33,748,NC,CHARLOTTE,28277,1,2,0,0,3,0,1.0000,0.0000
856,2022,SSC CONCORD OPERATING COMPANY LLC DBA BRIAN CENTER HEALTH & RETIREMENT/CABARRUS,62,2935,NC,CONCORD,28025,0,1,0,0,1,0,1.0000,0.0000
857,2022,SSC GASTONIA OPERATING COMP LLC DBA BRIAN CTR HEALTH REHABILITATION/GASTONIA,62,2513,NC,GASTONIA,28054,0,2,0,0,2,0,1.0000,0.0000
858,2022,SSC YANCEYVILLE OPERATING CO LLC D,62,3364,NC,YANCEYVILLE,27379,1,1,0,0,2,0,1.0000,0.0000
859,2022,ST TECH INC,54,963,NC,CARY,27513,1,0,0,0,1,0,1.0000,0.0000
860,2022,STABILUS INC,33,4535,NC,GASTONIA,28052,0,4,0,0,4,0,1.0000,0.0000
861,2022,STANADYNE LLC,33,378,NC,JACKSONVILLE,28546,0,1,0,0,1,0,1.0000,0.0000
862,2022,STAT9 TECHNOLOGIES INC,54,1083,NC,CARY,27513,1,5,0,0,6,0,1.0000,0.0000
863,2022,STEELFAB OF VIRGINIA INC,33,874,NC,RALEIGH,27612,1,0,0,0,1,0,1.0000,0.0000
864,2022,STEWART ENGINEERING INC,54,4766,NC,RALEIGH,27603,0,1,0,0,1,0,1.0000,0.0000
865,2022,STORMAGIC INC,51,6341,NC,CHARLOTTE,28202,1,0,0,0,1,0,1.0000,0.0000
866,2022,STORMBERG FOODS LLC,31,1505,NC,GOLDSBORO,27534,0,1,0,0,1,0,1.0000,0.0000
867,2022,STRATA SOLAR LLC,22,9600,NC,DURHAM,27701,0,2,0,0,2,0,1.0000,0.0000
868,2022,STRATA SOLUTIONS INC,54,4743,NC,GREENSBORO,27410,1,3,0,0,4,0,1.0000,0.0000
869,2022,STRATIFYD INC,54,883,NC,CHARLOTTE,28208,3,0,0,0,3,0,1.0000,0.0000
870,2022,STRUCTURAL INTEGRITY ASSOCIATES INC,54,2355,NC,HUNTERSVILLE,28078,1,0,0,0,1,0,1.0000,0.0000
871,2022,SUMMIT BILLING SERVICE INC,54,5045,NC,ASHEVILLE,28803,0,1,0,0,1,0,1.0000,0.0000
872,2022,SUMMIT DESIGN & ENGRG SVCS PLLC,54,6228,NC,HILLSBOROUGH,27278,0,1,0,0,1,0,1.0000,0.0000
873,2022,SUNLIGHT FINANCIAL LLC,52,3713,NC,CHARLOTTE,28246,1,0,0,0,1,0,1.0000,0.0000
874,2022,SUNRISE INFOTEK CORP DBA LIGHTNING,54,1627,NC,CARY,27519,2,12,0,0,14,0,1.0000,0.0000
875,2022,SUNRISE TECHNOLOGIES INC,54,2272,NC,WINSTON SALEM,27101,1,0,0,0,1,0,1.0000,0.0000
876,2022,SUNTECHPROS INC,54,5897,NC,MORRISVILLE,27560,3,2,0,0,5,0,1.0000,0.0000
877,2022,SURE PROMISE CHRISTIAN ACADEMY,61,5071,NC,RALEIGH,27610,1,0,0,0,1,0,1.0000,0.0000
878,2022,SURFACE 678 PA,54,6863,NC,DURHAM,27701,1,0,0,0,1,0,1.0000,0.0000
879,2022,SUSTAERA INC,54,7768,NC,CARY,27513,2,0,0,0,2,0,1.0000,0.0000
880,2022,SUSTAINABLE PLASTIC TECHNOLOGY CORP,32,9541,NC,APEX,27502,1,0,0,0,1,0,1.0000,0.0000
881,2022,SWIFT SOLUTIONS INC,54,50,NC,CARY,27513,2,10,0,1,12,1,0.9231,0.0769
882,2022,SWIFTWIN SOLUTIONS INC,54,6559,NC,CHARLOTTE,28277,4,3,0,0,7,0,1.0000,0.0000
883,2022,SYMBRIUM INC,54,6714,NC,RALEIGH,27617,1,0,0,0,1,0,1.0000,0.0000
884,2022,SYMMETRY BIOSCIENCES INC,32,2298,NC,MORRISVILLE,27560,1,0,0,0,1,0,1.0000,0.0000
885,2022,SYNEOS HEALTH LLC,54,3120,NC,MORRISVILLE,27560,4,56,0,2,60,2,0.9677,0.0323
886,2022,SYNEOS HEALTH US INC,99,1734,NC,MORRISVILLE,27560,7,7,0,0,14,0,1.0000,0.0000
887,2022,SYNGENTA CROP PROTECTION LLC,54,1572,NC,GREENSBORO,27409,5,13,0,1,18,1,0.9474,0.0526
888,2022,SYNORIS INC,54,1308,NC,CHARLOTTE,28277,1,0,0,0,1,0,1.0000,0.0000
889,2022,SYNTAX SYSTEMS LTD LLC,54,6131,NC,MORRISVILLE,27560,0,1,0,0,1,0,1.0000,0.0000
890,2022,SYNTAX SYSTEMS USA LP,54,4476,NC,MORRISVILLE,27560,0,6,0,2,6,2,0.7500,0.2500
891,2022,SYNTELLI SOLUTIONS INC,54,8700,NC,CHARLOTTE,28277,1,1,0,0,2,0,1.0000,0.0000
892,2022,SYSTEMATIX INFOTECH INC,54,4616,NC,CHARLOTTE,28277,1,0,0,0,1,0,1.0000,0.0000
893,2022,SZOSTAK DESIGN INCORPORATED,54,7894,NC,CHAPEL HILL,27516,1,0,0,0,1,0,1.0000,0.0000
894,2022,TABNER INC,54,8215,NC,CHARLOTTE,28262,28,35,0,3,63,3,0.9545,0.0455
895,2022,TAIJI GROUP USA INC,32,6117,NC,CONOVER,28613,1,1,0,0,2,0,1.0000,0.0000
896,2022,TALBERT & BRIGHT INC,54,4376,NC,WILMINGTON,28405,0,1,0,0,1,0,1.0000,0.0000
897,2022,TAMEKO ALFORD DDS PA,62,5440,NC,MORRISVILLE,27560,0,1,0,0,1,0,1.0000,0.0000
898,2022,"TARGET PHARMASOLUTIONS, INC. DBA TARGET RWE",54,6478,NC,DURHAM,27703,1,0,0,0,1,0,1.0000,0.0000
899,2022,TDY INDUSTRIES LLC DBA ATI SPECIAL,33,6679,NC,MONROE,28110,0,1,0,0,1,0,1.0000,0.0000
900,2022,TECHMYNDS INC,54,4399,NC,CHARLOTTE,28262,4,1,0,0,5,0,1.0000,0.0000
901,2022,TECHNODEED LLC,54,5892,NC,MORRISVILLE,27560,15,17,1,1,32,2,0.9412,0.0588
902,2022,TECHNOSOFT ENGINEERING INC,54,1127,NC,MORRISVILLE,27560,15,20,0,4,35,4,0.8974,0.1026
903,2022,TECHNOSOFT INNOVATIONS INC,54,7870,NC,MORRISVILLE,27560,0,0,0,1,0,1,0.0000,1.0000
904,2022,TECHNOSOFT SERVICES INC,54,1604,NC,MORRISVILLE,27560,1,8,0,0,9,0,1.0000,0.0000
905,2022,TECHSUFFICE LLC,54,8289,NC,CHARLOTTE,28262,46,0,0,0,46,0,1.0000,0.0000
906,2022,TEK RESOURCE INC,54,2287,NC,STALLINGS,28104,2,1,0,1,3,1,0.7500,0.2500
907,2022,TEKFINITE INC,54,8688,NC,APEX,27502,1,0,0,0,1,0,1.0000,0.0000
908,2022,TEKNOSYS INC,54,7677,NC,MORRISVILLE,27560,0,2,0,0,2,0,1.0000,0.0000
909,2022,TEKNXPERT LLC,54,3224,NC,CHARLOTTE,28262,48,4,1,0,52,1,0.9811,0.0189
910,2022,TEKPRISMIT INC,54,7848,NC,CARY,27513,1,0,0,0,1,0,1.0000,0.0000
911,2022,TEKPRO IT,54,618,NC,CHARLOTTE,28262,1,0,0,0,1,0,1.0000,0.0000
912,2022,TELEFLEX LLC,33,9418,NC,MORRISVILLE,27560,0,1,0,0,1,0,1.0000,0.0000
913,2022,TELEFLEX MEDICAL INC,33,7330,NC,MORRISVILLE,27560,0,2,0,0,2,0,1.0000,0.0000
914,2022,TELEFLEX MEDICAL INCORPORATED,33,7330,NC,MORRISVILLE,27560,0,2,0,0,2,0,1.0000,0.0000
915,2022,TERGUS PHARMA LLC,54,3287,NC,DURHAM,27703,3,8,0,0,11,0,1.0000,0.0000
916,2022,TGS TECHNOLOGY LLC,54,7526,NC,WAXHAW,28173,1,0,0,0,1,0,1.0000,0.0000
917,2022,THE AMERICAN BOARD OF ANESTHESIOLOGY INC,81,6523,NC,RALEIGH,27609,1,0,0,0,1,0,1.0000,0.0000
918,2022,THE AMUNDSEN GROUP INC,32,2729,NC,DURHAM,27703,1,2,0,0,3,0,1.0000,0.0000
919,2022,THE BRIXTON GROUP INC,54,7928,NC,CHARLOTTE,28211,1,1,0,0,2,0,1.0000,0.0000
920,2022,THE BURLINGTON SCHOOL INC,61,2840,NC,BURLINGTON,27215,0,1,0,0,1,0,1.0000,0.0000
921,2022,THE CATO CORPORATION,44,4485,NC,CHARLOTTE,28273,0,1,0,0,1,0,1.0000,0.0000
922,2022,THE CHARLOTTE MECKLENBURG HOSPITAL AUTHORITY D/B/A ATRIUM HEALTH,62,9945,NC,CHARLOTTE,28208,7,12,0,0,19,0,1.0000,0.0000
923,2022,THE CHILDREN S VILLAGE ACADEMY,61,1767,NC,KINSTON,28501,4,0,0,1,4,1,0.8000,0.2000
924,2022,THE EXPERIENTIAL SCHOOL OF GREENSBORO,61,6633,NC,GREENSBORO,27401,2,0,0,0,2,0,1.0000,0.0000
925,2022,THE FINANCIAL RISK GROUP INC,54,5861,NC,CARY,27511,0,1,0,0,1,0,1.0000,0.0000
926,2022,THE FRESH MARKET,44,1233,NC,GREENSBORO,27401,1,0,0,0,1,0,1.0000,0.0000
927,2022,THE INST FOR THE DEVELOPMENT OF YO,61,657,NC,DURHAM,27703,0,1,0,0,1,0,1.0000,0.0000
928,2022,THE MARSHALL GROUP USA LLC,42,1726,NC,BOONE,28607,1,0,0,0,1,0,1.0000,0.0000
929,2022,THE MOSES H CONE MEMORIAL HOSP OPE,62,8823,NC,GREENSBORO,27407,0,1,0,0,1,0,1.0000,0.0000
930,2022,THE MOSES H CONE MEMORIAL HOSPITAL OPERATING CORP INC D/B/A CONE HEALTH,62,8823,NC,GREENSBORO,27403,0,2,0,0,2,0,1.0000,0.0000
931,2022,THE OPEN SKY GROUP LLC,54,1117,NC,FUQUAY VARINA,27526,0,1,0,0,1,0,1.0000,0.0000
932,2022,THE PAUL R BROWN LEADERSHIP ACADEM,61,632,NC,ELIZABETHTOWN,28337,0,1,0,0,1,0,1.0000,0.0000
933,2022,THE THARPE CO INC DBA ENGAGE2 EXCE,99,3970,NC,MOORESVILLE,28117,0,1,0,0,1,0,1.0000,0.0000
934,2022,THOMASVILLE CITY SCHOOL,61,1120,NC,THOMASVILLE,27360,1,0,0,0,1,0,1.0000,0.0000
935,2022,THREE OAKS ENGINEERING,54,,NC,DURHAM,27701,0,1,0,0,1,0,1.0000,0.0000
936,2022,TILA TECHNOLOGIES INC,54,6624,NC,CHARLOTTE,28262,0,1,0,0,1,0,1.0000,0.0000
937,2022,TILE REDI LTD,32,7680,NC,CHARLOTTE,28205,1,1,0,0,2,0,1.0000,0.0000
938,2022,"TMF FUND SERVICES NORTH AMERICA, L",54,3453,NC,CARY,27511,1,0,0,0,1,0,1.0000,0.0000
939,2022,TOPQUADRANT INC,54,3813,NC,RALEIGH,27606,1,0,0,0,1,0,1.0000,0.0000
940,2022,TORQATA DATA AND ANALYTICS LLC,51,4992,NC,HUNTERSVILLE,28078,0,1,0,0,1,0,1.0000,0.0000
941,2022,TORQUE TECHNOLOGIES LLC,54,3863,NC,CARY,27511,2,32,0,3,34,3,0.9189,0.0811
942,2022,TORRENT CONSULTING LLC,54,5442,NC,CHARLOTTE,28208,1,1,0,0,2,0,1.0000,0.0000
943,2022,TOSHIBA GLOBAL COMMERCE SOLNS INC,44,6414,NC,DURHAM,27703,1,18,0,0,19,0,1.0000,0.0000
944,2022,TOSHIBA GLOBAL COMMERCE SOLUTIONS INC,44,6416,NC,DURHAM,27703,2,41,0,0,43,0,1.0000,0.0000
945,2022,TOTVS INC DBA TOTVS LABS,54,626,NC,RALEIGH,27601,0,1,0,0,1,0,1.0000,0.0000
946,2022,TRANE TECHNOLOGIES COMPANY LLC,33,6640,NC,DAVIDSON,28036,11,22,0,0,33,0,1.0000,0.0000
947,2022,TRANSACTIVE INC,52,8479,NC,CARY,27513,0,1,0,0,1,0,1.0000,0.0000
948,2022,TRELLEBORG BOOTS NORTH AMERICA INC,33,8363,NC,SALISBURY,28147,0,1,0,0,1,0,1.0000,0.0000
949,2022,TRELLEBORG COATED SYSTEMS US INC,32,71,NC,RUTHERFORDTON,28139,1,1,0,0,2,0,1.0000,0.0000
950,2022,TRESATA INC,51,8475,NC,CHARLOTTE,28203,2,0,0,0,2,0,1.0000,0.0000
951,2022,TRETA IT INC,54,5589,NC,CHARLOTTE,28262,2,0,0,0,2,0,1.0000,0.0000
952,2022,TRIAD MATH & SCIENCE ACADEMY CO,61,1670,NC,GREENSBORO,27406,5,2,0,0,7,0,1.0000,0.0000
953,2022,TRIAD MATH AND SCIENCE ACADEMY CO,61,1670,NC,GREENSBORO,27406,24,4,0,1,28,1,0.9655,0.0345
954,2022,TRIANGLE ACCOUNTING INC,54,2102,NC,CARY,27511,3,4,1,0,7,1,0.8750,0.1250
955,2022,TRIBIS INC,54,6432,NC,CHARLOTTE,28277,3,12,1,0,15,1,0.9375,0.0625
956,2022,TRIDIUM INC,33,3375,NC,CHARLOTTE,28202,0,1,0,0,1,0,1.0000,0.0000
957,2022,TRIGGER IT LLC,54,7524,NC,CARY,27513,0,5,0,0,5,0,1.0000,0.0000
958,2022,TRIHELIX SOFTWARE LLC,54,968,NC,CARY,27513,0,1,0,0,1,0,1.0000,0.0000
959,2022,TRILLIANT NETWORKS INC,54,3462,NC,CARY,27513,2,6,0,0,8,0,1.0000,0.0000
960,2022,TRILOGY WRITING & CONSULTING INC.,71,6235,NC,DURHAM,27713,1,0,0,0,1,0,1.0000,0.0000
961,2022,TRISTAR CONSULTANCY INC,54,167,NC,CARY,27518,0,1,0,0,1,0,1.0000,0.0000
962,2022,TROXLER ELECTRONIC LABORATORIES INC,33,3744,NC,DURHAM,27709,0,1,0,0,1,0,1.0000,0.0000
963,2022,TRUELEARN LLC,99,6869,NC,MOORESVILLE,28117,1,0,0,0,1,0,1.0000,0.0000
964,2022,TRUIST BANK,52,9887,NC,CHARLOTTE,28202,33,204,0,2,237,2,0.9916,0.0084
965,2022,TRULIANT FEDERAL CREDIT UNION,52,2032,NC,WINSTON SALEM,27103,0,1,0,0,1,0,1.0000,0.0000
966,2022,TRYON SOLUTIONS,54,1150,NC,RALEIGH,27607,0,1,0,0,1,0,1.0000,0.0000
967,2022,TSG CONSULTING LLC,54,8988,NC,RALEIGH,27606,1,4,0,0,5,0,1.0000,0.0000
968,2022,TUMULT LABS INC,54,7223,NC,DURHAM,27701,1,0,0,0,1,0,1.0000,0.0000
969,2022,TURBOTEC PRODUCTS INC,42,6387,NC,NEWTON,28658,1,0,0,0,1,0,1.0000,0.0000
970,2022,TYRON SOLUTIONS,54,1150,NC,RALEIGH,27607,1,1,0,0,2,0,1.0000,0.0000
971,2022,UCB BIOSCIENCES INC,32,5667,NC,MORRISVILLE,27560,0,1,0,0,1,0,1.0000,0.0000
972,2022,UI PATH TEK LLC,54,17,NC,CHARLOTTE,28262,15,10,2,1,25,3,0.8929,0.1071
973,2022,UMICORE AUTOCAT USA INC,33,4309,NC,RALEIGH,27612,0,1,0,0,1,0,1.0000,0.0000
974,2022,UNC PHYSICIANS NETWORK LLC,62,1647,NC,MORRISVILLE,27560,0,1,0,0,1,0,1.0000,0.0000
975,2022,UNC SCHOOL OF THE ARTS,61,5273,NC,WINSTON SALEM,27127,1,1,0,0,2,0,1.0000,0.0000
976,2022,UNION ACADEMY CHARTER SCHOOL,61,2412,NC,MONROE,28110,2,0,0,0,2,0,1.0000,0.0000
977,2022,UNION LLC,54,417,NC,CHARLOTTE,28208,1,0,0,0,1,0,1.0000,0.0000
978,2022,UNIQUETEX LLC,32,5493,NC,GROVER,28073,3,0,0,0,3,0,1.0000,0.0000
979,2022,UNITED PAINTING SERVICES INC,23,1493,NC,MONROE,28110,1,0,0,0,1,0,1.0000,0.0000
980,2022,UNITED REHAB SPECIALIST LLC,62,3586,NC,WESTFIELD,27053,0,2,0,0,2,0,1.0000,0.0000
981,2022,UNITED SORTATION SOLUTIONS LLC,54,4026,NC,CHARLOTTE,28202,0,2,0,0,2,0,1.0000,0.0000
982,2022,UNIV OF NC AT CHAPEL HILL,61,1393,NC,CHAPEL HILL,27599,16,23,0,0,39,0,1.0000,0.0000
983,2022,UNIV OF NORTH CAROLINA ASHEVILLE,61,2370,NC,ASHEVILLE,28804,2,3,0,0,5,0,1.0000,0.0000
984,2022,UNIV OF NORTH CAROLINA CHARLOTTE,61,1228,NC,CHARLOTTE,28223,7,9,0,1,16,1,0.9412,0.0588
985,2022,UNIV OF NORTH CAROLINA GREENSBORO,61,1468,NC,GREENSBORO,27412,5,14,0,2,19,2,0.9048,0.0952
986,2022,UNIV OF NORTH CAROLINA PEMBROKE,61,805,NC,PEMBROKE,28372,3,3,0,1,6,1,0.8571,0.1429
987,2022,UNIVERSITY OF MOUNT OLIVE,61,3936,NC,MOUNT OLIVE,28365,0,1,0,1,1,1,0.5000,0.5000
988,2022,UNIVERSITY OF NORTH CAROLINA AT CHAPEL HILL,61,1393,NC,CHAPEL HILL,27599,48,54,0,2,102,2,0.9808,0.0192
989,2022,UNIVERSITY OF NORTH CAROLINA WILMI,61,8660,NC,WILMINGTON,28403,3,2,0,0,5,0,1.0000,0.0000
990,2022,UNIVERSITY OF NORTH CAROLINA WILMINGTON,61,8660,NC,WILMINGTON,28403,9,5,0,0,14,0,1.0000,0.0000
991,2022,UOP LLC,54,5904,NC,CHARLOTTE,28202,4,10,1,0,14,1,0.9333,0.0667
992,2022,UPM RAFLATAC INC,56,1390,NC,MILLS RIVER,28759,0,1,0,0,1,0,1.0000,0.0000
993,2022,UTOPIA GLOBAL INC,54,6423,NC,RALEIGH,27609,0,5,0,0,5,0,1.0000,0.0000
994,2022,VALLEY CARDIOLOGY P A,62,4415,NC,FAYETTEVILLE,28304,2,0,0,0,2,0,1.0000,0.0000
995,2022,VANCE COUNTY SCHOOLS,61,1124,NC,HENDERSON,27536,10,5,0,0,15,0,1.0000,0.0000
996,2022,VANKAY SYSTEMS INC,54,8632,NC,MORRISVILLE,27560,1,0,0,0,1,0,1.0000,0.0000
997,2022,VARUNAVI IT CONSULTANTS INC,54,7185,NC,MORRISVILLE,27560,3,0,0,0,3,0,1.0000,0.0000
998,2022,VATANDOSH CONNECT,92,3534,NC,CHAPEL HILL,27517,0,0,1,0,0,1,0.0000,1.0000
999,2022,VAULT LLC,33,6767,NC,HIGH POINT,27260,1,0,0,0,1,0,1.0000,0.0000
1000,2022,VBRIDGEIT INC,54,1623,NC,CONCORD,28027,5,12,1,0,17,1,0.9444,0.0556
1001,2022,VECTOR PSYCHOMETRIC GROUP LLC,54,9825,NC,CHAPEL HILL,27516,0,1,0,0,1,0,1.0000,0.0000
1002,2022,VEDHI SOLUTIONS LLC,54,1952,NC,GREENSBORO,27408,0,2,0,0,2,0,1.0000,0.0000
1003,2022,VELOS LLC,54,7424,NC,CARY,27513,0,1,0,0,1,0,1.0000,0.0000
1004,2022,VENCEDOR SOFTWARE GROUP INC,54,3598,NC,CARY,27513,10,0,0,0,10,0,1.0000,0.0000
1005,2022,VENDOR TEAM SERVICES LLC,54,7546,NC,MOORESVILLE,28115,1,0,0,0,1,0,1.0000,0.0000
1006,2022,VEOLIA WATER TECHNOLOGIES INC,22,4257,NC,CARY,27513,0,1,0,0,1,0,1.0000,0.0000
1007,2022,VERANEX INC,54,7638,NC,RALEIGH,27607,0,0,1,0,0,1,0.0000,1.0000
1008,2022,VERANEX INC DBA XIMEDICA,54,5453,NC,RALEIGH,27607,2,0,0,0,2,0,1.0000,0.0000
1009,2022,VERASCI,54,4807,NC,DURHAM,27707,1,0,0,0,1,0,1.0000,0.0000
1010,2022,VERSATRIM LLC,32,4760,NC,HENDERSON,27537,1,0,0,0,1,0,1.0000,0.0000
1011,2022,VESUVIUS USA CORPORATION,33,3657,NC,CHARLOTTE,28217,0,1,0,0,1,0,1.0000,0.0000
1012,2022,VF CORPORATION,31,120,NC,GREENSBORO,27408,0,4,0,0,4,0,1.0000,0.0000
1013,2022,VF SERVICES LLC,31,8762,NC,GREENSBORO,27408,1,21,0,0,22,0,1.0000,0.0000
1014,2022,VIABLY CAPITAL INC,54,9327,NC,RALEIGH,27603,0,2,0,0,2,0,1.0000,0.0000
1015,2022,VIDANT MEDICAL GROUP LLC D/B/A VID,62,839,NC,GREENVILLE,27834,0,2,0,0,2,0,1.0000,0.0000
1016,2022,VIDANT MEDICAL GROUP LLC D/B/A VIDANT MEDICAL GROUP,62,839,NC,GREENVILLE,27834,5,17,0,0,22,0,1.0000,0.0000
1017,2022,VIGILANCE COMBATIVES AND MARTIAL,61,5097,NC,ABERDEEN,28315,1,0,0,0,1,0,1.0000,0.0000
1018,2022,VIIV HEALTHCARE COMPANY,32,8695,NC,DURHAM,27709,1,0,0,0,1,0,1.0000,0.0000
1019,2022,VIKSAN INC,54,6924,NC,CHARLOTTE,28246,1,0,0,0,1,0,1.0000,0.0000
1020,2022,VISION SQUARE INC,54,7178,NC,CHARLOTTE,28277,0,1,0,0,1,0,1.0000,0.0000
1021,2022,VITALSOURCE TECHNOLOGIES LLC,42,9099,NC,RALEIGH,27601,0,2,0,0,2,0,1.0000,0.0000
1022,2022,VOCOLLECT INC,54,4121,NC,CHARLOTTE,28202,1,2,0,0,3,0,1.0000,0.0000
1023,2022,VOLVO FINANCIAL SERVICES LLC,52,4905,NC,GREENSBORO,27409,1,1,0,0,2,0,1.0000,0.0000
1024,2022,VOLVO GROUP NORTH AMERICA LLC,33,1188,NC,GREENSBORO,27409,8,15,0,1,23,1,0.9583,0.0417
1025,2022,VONTIER EMPLOYMENT SERVICES LLC,33,7008,NC,RALEIGH,27607,1,1,0,0,2,0,1.0000,0.0000
1026,2022,VORTEX SALES GROUP LLC,42,341,NC,MORRISVILLE,27560,1,0,0,0,1,0,1.0000,0.0000
1027,2022,VR ITECH CONSULTING LLC,54,227,NC,DURHAM,27703,11,3,1,0,14,1,0.9333,0.0667
1028,2022,W K DICKSON & CO INC,54,6717,NC,CHARLOTTE,28208,0,1,0,0,1,0,1.0000,0.0000
1029,2022,WA COUNTY BOARD OF ED,61,1128,NC,PLYMOUTH,27962,1,0,0,0,1,0,1.0000,0.0000
1030,2022,WAKE FOREST UNIV BAPTIST MED CTR,61,238,NC,WINSTON SALEM,27157,2,2,0,0,4,0,1.0000,0.0000
1031,2022,WAKE FOREST UNIV HEALTH SCIENCES,61,9199,NC,WINSTON SALEM,27157,7,9,0,1,16,1,0.9412,0.0588
1032,2022,WAKE FOREST UNIVERSITY,61,2138,NC,WINSTON SALEM,27109,12,6,0,0,18,0,1.0000,0.0000
1033,2022,WAKE FOREST UNIVERSITY BAPTIST MED,61,238,NC,WINSTON SALEM,27157,1,1,0,0,2,0,1.0000,0.0000
1034,2022,WAKE FOREST UNIVERSITY BAPTIST MEDICAL CENTER,61,238,NC,WINSTON SALEM,27157,7,3,0,0,10,0,1.0000,0.0000
1035,2022,WAKE FOREST UNIVERSITY HEALTH SCIENCES,61,9199,NC,WINSTON SALEM,27157,11,10,0,1,21,1,0.9545,0.0455
1036,2022,WAKEMED,62,7737,NC,RALEIGH,27610,1,1,0,0,2,0,1.0000,0.0000
1037,2022,WARREN COUNTY SCHOOLS,61,4083,NC,WARRENTON,27589,15,0,0,0,15,0,1.0000,0.0000
1038,2022,WEAVER COOKE CONSTRUCTION LLC,23,2075,NC,GREENSBORO,27409,0,1,0,0,1,0,1.0000,0.0000
1039,2022,WEB GEO SOLUTIONS LLC,54,7008,NC,APEX,27502,0,1,0,0,1,0,1.0000,0.0000
1040,2022,WEBONISE US LLC,54,6099,NC,RALEIGH,27615,1,0,0,0,1,0,1.0000,0.0000
1041,2022,WELL CARE LLC,62,5706,NC,WILMINGTON,28405,1,1,0,0,2,0,1.0000,0.0000
1042,2022,WELLNECITY LLC,51,2504,NC,WINSTON SALEM,27101,4,2,0,0,6,0,1.0000,0.0000
1043,2022,WESTERN CAROLINA UNIVERSITY,61,1440,NC,CULLOWHEE,28723,2,9,0,0,11,0,1.0000,0.0000
1044,2022,WILLIAMSTON HOSPITAL CORPORATION,62,9107,NC,WILLIAMSTON,27892,0,2,0,0,2,0,1.0000,0.0000
1045,2022,WILLOUGHBY 2000 PLLC,23,7767,NC,DAVIDSON,28036,0,1,0,0,1,0,1.0000,0.0000
1046,2022,WILSON COUNTY SCHOOLS,61,1134,NC,WILSON,27894,0,1,0,0,1,0,1.0000,0.0000
1047,2022,WILSON PREPARATORY ACADEMY,61,8935,NC,WILSON,27896,3,1,0,0,4,0,1.0000,0.0000
1048,2022,WILSON-COOK MEDICAL INC,33,7175,NC,WINSTON SALEM,27105,0,1,0,0,1,0,1.0000,0.0000
1049,2022,WINSTON SALEM STATE UNIV,61,1466,NC,WINSTON SALEM,27110,1,0,0,0,1,0,1.0000,0.0000
1050,2022,WINSTON SALEM/FORSYTH COUNTY SCHOO,61,5164,NC,WINSTON SALEM,27105,0,2,0,0,2,0,1.0000,0.0000
1051,2022,WINSTON SALEM/FORSYTH COUNTY SCHOOLS,61,5164,NC,WINSTON SALEM,27105,14,7,0,1,21,1,0.9545,0.0455
1052,2022,WIRELESS SYSTEMS SOLUTIONS LLC,54,9906,NC,CARY,27518,1,0,0,0,1,0,1.0000,0.0000
1053,2022,WISDOM SOFT INC,54,1755,NC,RALEIGH,27615,0,4,0,0,4,0,1.0000,0.0000
1054,2022,WISETECH GLOBAL US INC,54,1674,NC,CHAPEL HILL,27517,0,1,0,0,1,0,1.0000,0.0000
1055,2022,WOLFSPEED INC,33,2719,NC,DURHAM,27703,6,11,0,1,17,1,0.9444,0.0556
1056,2022,WOMBLE BOND DICKINSON US LLP,54,8470,NC,CHARLOTTE,28202,0,1,0,0,1,0,1.0000,0.0000
1057,2022,WORLDWIDE CLINICAL TRIALS HOLDINGS,54,8036,NC,DURHAM,27709,0,3,0,0,3,0,1.0000,0.0000
1058,2022,WQS FOOD VERIFICATION LLC,92,8772,NC,CHARLOTTE,28226,0,1,0,0,1,0,1.0000,0.0000
1059,2022,WYNNEFORD ADVISORS LLC,54,4133,NC,RALEIGH,27609,1,0,0,0,1,0,1.0000,0.0000
1060,2022,XDIN INC,54,4160,NC,GREENSBORO,27409,6,6,0,0,12,0,1.0000,0.0000
1061,2022,XOVE CONSULTING SERVICES CORPORATION,54,5227,NC,RALEIGH,27607,8,1,0,0,9,0,1.0000,0.0000
1062,2022,XPO ENTERPRISE SERVICES LLC,54,1825,NC,CHARLOTTE,28277,1,21,0,1,22,1,0.9565,0.0435
1063,2022,XPO INTERMODEL SERVICES LLC,54,2627,NC,CHARLOTTE,28277,0,2,0,0,2,0,1.0000,0.0000
1064,2022,XPO LOGISTICS INC,54,326,NC,CHARLOTTE,28277,1,13,0,0,14,0,1.0000,0.0000
1065,2022,XPO LOGISTICS MANAGED TRANSPORTATI,54,8160,NC,CHARLOTTE,28277,1,3,0,0,4,0,1.0000,0.0000
1066,2022,XPO LOGISTICS MANAGED TRANSPORTATION LLC,54,8160,NC,CHARLOTTE,28277,1,8,0,0,9,0,1.0000,0.0000
1067,2022,XPO LOGISTICS SUPPLY CHAIN CORP SE,54,4859,NC,CHARLOTTE,28277,2,11,0,0,13,0,1.0000,0.0000
1068,2022,XPO LOGISTICS SUPPLY CHAIN INC,54,7457,NC,CHARLOTTE,28277,0,4,0,0,4,0,1.0000,0.0000
1069,2022,XPO LOGISTICS WORLDWIDE INC,54,689,NC,CHARLOTTE,28277,0,5,0,0,5,0,1.0000,0.0000
1070,2022,XPO LTL SOLUTIONS LLC,54,8205,NC,CHARLOTTE,28277,0,1,0,0,1,0,1.0000,0.0000
1071,2022,XPO NAT SOLUTIONS LLC,48,8974,NC,CHARLOTTE,28277,0,17,0,0,17,0,1.0000,0.0000
1072,2022,XSOME BIOTECH INC,54,4540,NC,CARY,27519,1,0,0,0,1,0,1.0000,0.0000
1073,2022,XTRACIT INC,54,8806,NC,CHARLOTTE,28269,2,12,0,1,14,1,0.9333,0.0667
1074,2022,XTRAMILE SOFT LLC,54,8408,NC,CHARLOTTE,28262,0,1,0,0,1,0,1.0000,0.0000
1075,2022,Y-PRIME LLC,54,2651,NC,RALEIGH,27609,0,1,0,0,1,0,1.0000,0.0000
1076,2022,YANCEYVILLE OPCO LLC D/B/A YANCEYVILLE REHABILITATION AND HEALTHCARE CENTER,62,6710,NC,YANCEYVILLE,27379,0,1,0,0,1,0,1.0000,0.0000
1077,2022,"YANJAN USA, LLC",31,9166,NC,STATESVILLE,28625,1,0,0,0,1,0,1.0000,0.0000
1078,2022,YASTE & HUFANDA DDS PLLC DBA BALLANTYNE DENISTRY,62,7080,NC,CHARLOTTE,28277,1,0,0,0,1,0,1.0000,0.0000
1079,2022,YESJ EXPERT LLC,54,8985,NC,CHARLOTTE,28277,2,0,0,0,2,0,1.0000,0.0000
1080,2022,YP SOLUTIONS INC,54,3858,NC,MORRISVILLE,27560,0,1,0,0,1,0,1.0000,0.0000
1081,2022,YUAN QIU BUS GR LLC DBA ELITE MOTO,99,9120,NC,CHARLOTTE,28210,0,4,0,0,4,0,1.0000,0.0000
1082,2022,YUKON MEDICAL LLC,33,4670,NC,DURHAM,27703,0,1,0,0,1,0,1.0000,0.0000
1083,2022,ZALONI INC,54,3635,NC,DURHAM,27709,1,8,0,0,9,0,1.0000,0.0000
1084,2022,ZEALIC SOLUTIONS INC,54,6809,NC,RALEIGH,27606,0,1,0,0,1,0,1.0000,0.0000
1085,2022,ZELECLOUD LLC,54,4696,NC,RALEIGH,27601,8,3,0,0,11,0,1.0000,0.0000
1086,2022,ZENSPACE IT LLC,54,9011,NC,MOORESVILLE,28117,6,0,0,0,6,0,1.0000,0.0000
1087,2022,ZINGER SOFTWARE SOLUTIONS INC,54,7521,NC,CARY,27513,0,1,0,0,1,0,1.0000,0.0000
1088,2022,ZNDUS EAST INC,99,4093,NC,STATESVILLE,28625,0,1,0,0,1,0,1.0000,0.0000
